ส่วนงาน,ฝ่าย,เลขคำร้อง,เรื่องร้องทุกข์,ประเภทคำร้อง,เขต,ชุมชน,วันที่รับเรื่อง,วันที่เสร็จ,สถานะ,รูปภาพ,ความสำคัญ,รูปภาพหลังแก้ไข,ปิดงานโดย,LINE Token
ส่วนช่างสุขาภิบาล,ฝ่ายจัดสภาพแวดล้อมด้านวัสดุที่ใช้แล้ว,15/63,ท่อระบายน้ำ,วางท่อระบายน้ำ,เขต 3,การเคหะ,17/02/2563,12/12/2563,ประเมินผลเสร็จสิ้น,,,,,
ส่วนการโยธา,ฝ่ายสาธารณูปโภค,36/63,ไฟฟ้า,ซ่อมแซมไฟฟ้าชำรุด,เขต 4,หนองแวงตราชู 3,18/02/2563,26/02/2563,ประเมินผลเสร็จสิ้น,,,,,
ส่วนการโยธา,ฝ่ายสาธารณูปโภค,196/63,ไฟฟ้า,ซ่อมแซมไฟฟ้าชำรุด,เขต 2,คุ้มหนองคู,08/03/2563,23/03/2563,ประเมินผลเสร็จสิ้น,,,,,
ส่วนการโยธา,ฝ่ายสาธารณูปโภค,219/63,ไฟฟ้า,ซ่อมแซมไฟฟ้าชำรุด,เขต 1,ไม่ระบุ,06/03/2563,23/03/2563,ประเมินผลเสร็จสิ้น,,,,,
ส่วนช่างสุขาภิบาล,ฝ่ายจัดการคุณภาพน้ำ,443/63,ท่อระบายน้ำ,ดูด/ลอก ท่อระบายน้ำ,เขต 3,โนนหนองวัด 3,26/03/2563,29/04/2563,ประเมินผลเสร็จสิ้น,,,,,
ส่วนการโยธา,ฝ่ายสาธารณูปโภค,574/63,ไฟฟ้า,ซ่อมแซมไฟฟ้าชำรุด,เขต 1,โนนชัย 3,10/04/2563,18/04/2563,ประเมินผลเสร็จสิ้น,,,,,
ส่วนการโยธา,ฝ่ายสาธารณูปโภค,635/63,ไฟฟ้า,ซ่อมแซมไฟฟ้าชำรุด,ไม่ระบุ,ไม่ระบุ,16/04/2563,02/05/2563,ประเมินผลเสร็จสิ้น,,,,,
ส่วนการโยธา,ฝ่ายสาธารณูปโภค,681/63,งานอื่น ๆ,ตัดกิ่งไม้,เขต 4,หนองแวงตราชู 2,22/04/2563,22/05/2563,ประเมินผลเสร็จสิ้น,,,,,
ส่วนการโยธา,ฝ่ายสาธารณูปโภค,688/63,ไฟฟ้า,เปลี่ยนหลอดไฟ,เขต 4,ไทยสมุทร,22/04/2563,30/04/2563,ประเมินผลเสร็จสิ้น,,,,,
ส่วนการโยธา,ฝ่ายสาธารณูปโภค,749/63,ไฟฟ้า,ซ่อมแซมไฟฟ้าชำรุด,เขต 2,ศรีจันทร์พัฒนา,28/04/2563,06/05/2563,ประเมินผลเสร็จสิ้น,,,,,
ส่วนช่างสุขาภิบาล,ฝ่ายจัดการคุณภาพน้ำ,763/63,ท่อระบายน้ำ,วางท่อระบายน้ำ,เขต 2,ศิริมงคล,24/04/2563,06/06/2563,ประเมินผลเสร็จสิ้น,,,,,
ส่วนการโยธา,ฝ่ายสาธารณูปโภค,961/63,ถนน,งานซ่อมแซมและบำรุงรักษาถนนและสะพาน,เขต 1,ไม่ระบุ,15/05/2563,14/06/2563,ประเมินผลเสร็จสิ้น,,,,,
ส่วนช่างสุขาภิบาล,ฝ่ายจัดการคุณภาพน้ำ,1029/63,ท่อระบายน้ำ,ฝาท่อระบายน้ำ,ไม่ระบุ,ไม่ระบุ,20/05/2563,20/09/2563,ประเมินผลเสร็จสิ้น,,,,,
ส่วนช่างสุขาภิบาล,ฝ่ายจัดการคุณภาพน้ำ,1351/63,งานอื่น ๆ,การจัดการน้ำเสีย/ปลาตาย,ไม่ระบุ,ไม่ระบุ,09/06/2563,21/06/2563,ประเมินผลเสร็จสิ้น,,,,,
ส่วนการโยธา,ฝ่ายศูนย์เครื่องจักรกล,1388/63,งานอื่น ๆ,งานซ่อมแซม,ไม่ระบุ,ไม่ระบุ,11/06/2563,11/10/2563,ประเมินผลเสร็จสิ้น,,,,,
ส่วนการโยธา,ฝ่ายสาธารณูปโภค,1586/63,ไฟฟ้า,ซ่อมแซมไฟฟ้าชำรุด,เขต 3,โนนหนองวัด 4,26/06/2563,06/07/2563,ประเมินผลเสร็จสิ้น,,,,,
ส่วนการโยธา,ฝ่ายสาธารณูปโภค,1611/63,ไฟฟ้า,เปลี่ยนหลอดไฟ,เขต 2,หนองใหญ่ 3,29/06/2563,06/07/2563,ประเมินผลเสร็จสิ้น,,,,,
ส่วนช่างสุขาภิบาล,ฝ่ายจัดการคุณภาพน้ำ,1665/63,ท่อระบายน้ำ,ดูด/ลอก ท่อระบายน้ำ,เขต 3,หนองแวงเมืองเก่า4,02/07/2563,22/07/2564,ประเมินผลเสร็จสิ้น,,,,,
ส่วนการโยธา,ฝ่ายสาธารณูปโภค,1778/63,ไฟฟ้า,ซ่อมแซมไฟฟ้าชำรุด,เขต 4,ศรีฐาน 3,14/07/2563,21/07/2563,ประเมินผลเสร็จสิ้น,,,,,
ส่วนช่างสุขาภิบาล,ฝ่ายจัดการคุณภาพน้ำ,1794/63,ท่อระบายน้ำ,ดูด/ลอก ท่อระบายน้ำ,เขต 4,หนองแวงตราชู 2,15/07/2563,15/08/2563,ประเมินผลเสร็จสิ้น,,,,,
ส่วนการโยธา,ฝ่ายสาธารณูปโภค,1807/63,ไฟฟ้า,ซ่อมแซมไฟฟ้าชำรุด,เขต 2,ไม่ระบุ,16/07/2563,23/07/2563,ประเมินผลเสร็จสิ้น,,,,,
ส่วนควบคุมการก่อสร้างอาคารและผังเมือง,ฝ่ายงานควบคุมอาคารและผังเมือง,1870/63,งานอาคาร,งานอาคารใหม่ 1,ไม่ระบุ,ไม่ระบุ,21/07/2563,13/08/2563,ประเมินผลเสร็จสิ้น,,,,,
ส่วนการโยธา,ฝ่ายสาธารณูปโภค,1872/63,ไฟฟ้า,เปลี่ยนหลอดไฟ,ไม่ระบุ,ไม่ระบุ,22/07/2563,29/07/2563,ประเมินผลเสร็จสิ้น,,,,,
ส่วนช่างสุขาภิบาล,ฝ่ายจัดการคุณภาพน้ำ,1885/63,ท่อระบายน้ำ,ฝาท่อระบายน้ำ,เขต 2,ซอยธารทิพย์,23/07/2563,11/12/2563,ประเมินผลเสร็จสิ้น,,,,,
ส่วนช่างสุขาภิบาล,ฝ่ายจัดการคุณภาพน้ำ,1971/63,ท่อระบายน้ำ,ดูด/ลอก ท่อระบายน้ำ,เขต 4,หนองแวงตราชู 1,03/08/2563,10/09/2563,ประเมินผลเสร็จสิ้น,,,,,
ส่วนการโยธา,ฝ่ายสาธารณูปโภค,2029/63,ไฟฟ้า,เปลี่ยนหลอดไฟ,ไม่ระบุ,ไม่ระบุ,06/08/2563,21/08/2563,ประเมินผลเสร็จสิ้น,,,,,
ส่วนการโยธา,ฝ่ายสาธารณูปโภค,2070/63,ไฟฟ้า,เปลี่ยนหลอดไฟ,เขต 2,ไม่ระบุ,13/08/2563,20/08/2563,ประเมินผลเสร็จสิ้น,,,,,
ส่วนช่างสุขาภิบาล,ฝ่ายจัดการคุณภาพน้ำ,2089/63,ท่อระบายน้ำ,ฝาท่อระบายน้ำ,ไม่ระบุ,ไม่ระบุ,11/08/2563,15/12/2563,ประเมินผลเสร็จสิ้น,,,,,
ส่วนการโยธา,ฝ่ายสาธารณูปโภค,2120/63,ไฟฟ้า,เปลี่ยนหลอดไฟ,เขต 2,ซอยธารทิพย์,17/08/2563,24/08/2563,ประเมินผลเสร็จสิ้น,,,,,
ส่วนควบคุมการก่อสร้างอาคารและผังเมือง,ฝ่ายงานควบคุมอาคารและผังเมือง,2158/63,งานอาคาร,งานอาคารใหม่ 1,ไม่ระบุ,ไม่ระบุ,17/08/2563,22/06/2564,ประเมินผลเสร็จสิ้น,,,,,
ส่วนการโยธา,ฝ่ายสาธารณูปโภค,2198/63,ไฟฟ้า,ซ่อมแซมไฟฟ้าชำรุด,เขต 2,มิตรสัมพันธ์ 1,24/08/2563,01/09/2563,ประเมินผลเสร็จสิ้น,,,,,
ส่วนการโยธา,ฝ่ายสวนสาธารณะ,2205/63,งานอื่น ๆ,ตัดกิ่งไม้,เขต 2,มิตรสัมพันธ์ 1,24/08/2563,25/12/2563,ประเมินผลเสร็จสิ้น,,,,,
ส่วนการโยธา,ฝ่ายสวนสาธารณะ,2270/63,งานอื่น ๆ,ตัดกิ่งไม้,เขต 4,หนองแวงตราชู 1,28/08/2563,28/12/2563,ประเมินผลเสร็จสิ้น,,,,,
ส่วนการโยธา,ฝ่ายสวนสาธารณะ,2271/63,งานอื่น ๆ,ตัดกิ่งไม้,เขต 4,หนองแวงตราชู 1,28/08/2563,28/12/2563,ประเมินผลเสร็จสิ้น,,,,,
ส่วนการโยธา,ฝ่ายสวนสาธารณะ,2276/63,งานอื่น ๆ,ตัดกิ่งไม้,ไม่ระบุ,ไม่ระบุ,30/08/2563,30/09/2563,ประเมินผลเสร็จสิ้น,,,,,
ส่วนการโยธา,ฝ่ายสวนสาธารณะ,2662/63,งานอื่น ๆ,ตัดกิ่งไม้,เขต 3,คุ้มวุฒาราม,24/09/2563,01/10/2563,ประเมินผลเสร็จสิ้น,,,,,
ส่วนการโยธา,ฝ่ายสาธารณูปโภค,2708/63,ไฟฟ้า,ซ่อมแซมไฟฟ้าชำรุด,เขต 2,ศรีจันทร์พัฒนา,28/09/2563,05/10/2563,ประเมินผลเสร็จสิ้น,,,,,
ส่วนการโยธา,ฝ่ายสาธารณูปโภค,170/64,ถนน,งานซ่อมแซมและบำรุงรักษาถนนและสะพาน,ไม่ระบุ,ไม่ระบุ,12/10/2563,29/10/2563,ประเมินผลเสร็จสิ้น,,,,,
ส่วนการโยธา,ฝ่ายสาธารณูปโภค,214/64,ไฟฟ้า,ซ่อมแซมไฟฟ้าชำรุด,เขต 2,ซอยธารทิพย์,14/10/2563,21/10/2563,ประเมินผลเสร็จสิ้น,,,,,
ส่วนการโยธา,ฝ่ายสวนสาธารณะ,271/64,งานอื่น ๆ,ตัดกิ่งไม้,ไม่ระบุ,ไม่ระบุ,19/10/2563,05/12/2563,ประเมินผลเสร็จสิ้น,,,,,
ส่วนการโยธา,ฝ่ายศูนย์เครื่องจักรกล,320/64,งานอื่น ๆ,ป้ายซอย/ป้ายชุมชน,ไม่ระบุ,ไม่ระบุ,21/10/2563,05/12/2563,ประเมินผลเสร็จสิ้น,,,,,
ส่วนการโยธา,ฝ่ายสาธารณูปโภค,333/64,ไฟฟ้า,ซ่อมแซมไฟฟ้าชำรุด,ไม่ระบุ,ไม่ระบุ,21/10/2563,28/10/2563,ประเมินผลเสร็จสิ้น,,,,,
ส่วนการโยธา,ฝ่ายสาธารณูปโภค,453/64,ไฟฟ้า,ซ่อมแซมไฟฟ้าชำรุด,ไม่ระบุ,ไม่ระบุ,28/10/2563,12/11/2563,ประเมินผลเสร็จสิ้น,,,,,
ส่วนการโยธา,ฝ่ายสาธารณูปโภค,483/64,ไฟจราจร,ซ่อมแซมไฟจราจร,ไม่ระบุ,ไม่ระบุ,29/10/2563,31/12/2563,ประเมินผลเสร็จสิ้น,,,,,
ส่วนการโยธา,ฝ่ายสาธารณูปโภค,513/64,ไฟฟ้า,ซ่อมแซมไฟฟ้าชำรุด,ไม่ระบุ,ไม่ระบุ,02/11/2563,10/11/2563,ประเมินผลเสร็จสิ้น,,,,,
ส่วนช่างสุขาภิบาล,ฝ่ายจัดการคุณภาพน้ำ,534/64,ท่อระบายน้ำ,วางท่อระบายน้ำ,ไม่ระบุ,ไม่ระบุ,03/11/2563,,รอดำเนินการ,,,,,
ส่วนการโยธา,ฝ่ายสาธารณูปโภค,540/64,ถนน,งานซ่อมแซมและบำรุงรักษาถนนและสะพาน,ไม่ระบุ,ไม่ระบุ,03/11/2563,19/12/2563,ประเมินผลเสร็จสิ้น,,,,,
ส่วนการโยธา,ฝ่ายสาธารณูปโภค,644/64,ไฟฟ้า,ซ่อมแซมไฟฟ้าชำรุด,ไม่ระบุ,ไม่ระบุ,09/11/2563,16/11/2563,ประเมินผลเสร็จสิ้น,,,,,
ส่วนการโยธา,ฝ่ายสวนสาธารณะ,672/64,งานอื่น ๆ,ตัดกิ่งไม้,เขต 1,ไม่ระบุ,09/11/2563,26/12/2563,ประเมินผลเสร็จสิ้น,,,,,
ส่วนการโยธา,ฝ่ายสาธารณูปโภค,811/64,ไฟฟ้า,เก็บสายไฟ/เก็บสายเคเบิ้ล,ไม่ระบุ,ไม่ระบุ,17/11/2563,24/11/2563,ประเมินผลเสร็จสิ้น,,,,,
ส่วนช่างสุขาภิบาล,ฝ่ายจัดการคุณภาพน้ำ,836/64,ท่อระบายน้ำ,ดูด/ลอก ท่อระบายน้ำ,ไม่ระบุ,ไม่ระบุ,16/11/2563,28/07/2564,ประเมินผลเสร็จสิ้น,,,,,
ส่วนการโยธา,ฝ่ายสาธารณูปโภค,1039/64,งานอื่น ๆ,ยางมะตอย,ไม่ระบุ,ไม่ระบุ,25/11/2563,11/12/2563,ประเมินผลเสร็จสิ้น,,,,,
ส่วนการโยธา,ฝ่ายสาธารณูปโภค,1223/64,ไฟฟ้า,ซ่อมแซมไฟฟ้าชำรุด,ไม่ระบุ,ไม่ระบุ,30/11/2563,14/01/2564,ประเมินผลเสร็จสิ้น,,,,,
ส่วนช่างสุขาภิบาล,ฝ่ายจัดการคุณภาพน้ำ,1280/64,ท่อระบายน้ำ,ดูด/ลอก ท่อระบายน้ำ,ไม่ระบุ,ไม่ระบุ,01/12/2563,22/07/2564,ประเมินผลเสร็จสิ้น,,,,,
ส่วนการโยธา,ฝ่ายสาธารณูปโภค,1353/64,ไฟฟ้า,ซ่อมแซมไฟฟ้าชำรุด,ไม่ระบุ,ไม่ระบุ,04/12/2563,11/12/2563,ประเมินผลเสร็จสิ้น,,,,,
ส่วนการโยธา,ฝ่ายสาธารณูปโภค,1392/64,ไฟฟ้า,ซ่อมแซมไฟฟ้าชำรุด,ไม่ระบุ,ไม่ระบุ,07/12/2563,14/12/2563,ประเมินผลเสร็จสิ้น,,,,,
ส่วนช่างสุขาภิบาล,ฝ่ายจัดการคุณภาพน้ำ,1592/64,ท่อระบายน้ำ,ฝาท่อระบายน้ำ,ไม่ระบุ,ไม่ระบุ,22/12/2563,05/02/2564,ประเมินผลเสร็จสิ้น,,,,,
ส่วนการโยธา,ฝ่ายสาธารณูปโภค,1617/64,ไฟฟ้า,ติดตั้งโคมไฟฟ้า,ไม่ระบุ,ไม่ระบุ,24/12/2563,31/12/2563,ประเมินผลเสร็จสิ้น,,,,,
ส่วนการโยธา,ฝ่ายสาธารณูปโภค,1685/64,งานอื่น ๆ,ปรับปรุงภูมิทัศน์,เขต 2,ซอยธารทิพย์,28/12/2563,14/10/2564,ประเมินผลเสร็จสิ้น,,,,,
ส่วนการโยธา,ฝ่ายสาธารณูปโภค,1804/64,ถนน,งานซ่อมแซมและบำรุงรักษาถนนและสะพาน,ไม่ระบุ,ไม่ระบุ,04/01/2564,19/02/2564,เข้าแผนปีงบประมาณ,,,,,
ส่วนการโยธา,ฝ่ายสาธารณูปโภค,1895/64,ถนน,งานซ่อมแซมและบำรุงรักษาถนนและสะพาน,ไม่ระบุ,ไม่ระบุ,11/01/2564,26/01/2564,ประเมินผลเสร็จสิ้น,,,,,
ส่วนการโยธา,ฝ่ายสาธารณูปโภค,1994/64,ไฟฟ้า,ซ่อมแซมไฟฟ้าชำรุด,ไม่ระบุ,ไม่ระบุ,18/01/2564,25/01/2564,ประเมินผลเสร็จสิ้น,,,,,
ส่วนช่างสุขาภิบาล,ฝ่ายจัดการคุณภาพน้ำ,2241/64,ท่อระบายน้ำ,วางท่อระบายน้ำ,ไม่ระบุ,ไม่ระบุ,28/01/2564,16/03/2564,ประเมินผลเสร็จสิ้น,,,,,
ส่วนการโยธา,ฝ่ายสาธารณูปโภค,2313/64,ไฟฟ้าขยายเขต,สำรวจขยายเขตไฟฟ้า,ไม่ระบุ,ไม่ระบุ,01/02/2564,16/02/2564,ประเมินผลเสร็จสิ้น,,,,,
ส่วนการโยธา,ฝ่ายสาธารณูปโภค,2340/64,ถนน,งานซ่อมแซมและบำรุงรักษาถนนและสะพาน,ไม่ระบุ,ไม่ระบุ,02/02/2564,25/02/2564,ประเมินผลเสร็จสิ้น,,,,,
ส่วนการโยธา,ฝ่ายสาธารณูปโภค,2551/64,ไฟฟ้า,ซ่อมแซมไฟฟ้าชำรุด,ไม่ระบุ,ไม่ระบุ,15/02/2564,01/04/2564,ประเมินผลเสร็จสิ้น,,,,,
ส่วนการโยธา,ฝ่ายสาธารณูปโภค,2574/64,ไฟฟ้า,ซ่อมแซมไฟฟ้าชำรุด,ไม่ระบุ,ไม่ระบุ,16/02/2564,23/02/2564,ประเมินผลเสร็จสิ้น,,,,,
ส่วนช่างสุขาภิบาล,ฝ่ายจัดการคุณภาพน้ำ,2729/64,ท่อระบายน้ำ,ฝาท่อระบายน้ำ,ไม่ระบุ,ไม่ระบุ,25/02/2564,11/04/2564,ประเมินผลเสร็จสิ้น,,,,,
ส่วนการโยธา,ฝ่ายสาธารณูปโภค,2750/64,ไฟฟ้า,ซ่อมแซมไฟฟ้าชำรุด,ไม่ระบุ,ไม่ระบุ,01/03/2564,08/03/2564,ประเมินผลเสร็จสิ้น,,,,,
ส่วนการโยธา,ฝ่ายสาธารณูปโภค,2753/64,ไฟฟ้า,ซ่อมแซมไฟฟ้าชำรุด,ไม่ระบุ,ไม่ระบุ,01/03/2564,08/03/2564,ประเมินผลเสร็จสิ้น,,,,,
ส่วนช่างสุขาภิบาล,ฝ่ายจัดการคุณภาพน้ำ,2810/64,ท่อระบายน้ำ,ดูด/ลอก ท่อระบายน้ำ,ไม่ระบุ,ไม่ระบุ,03/03/2564,18/04/2564,ประเมินผลเสร็จสิ้น,,,,,
ส่วนช่างสุขาภิบาล,ฝ่ายจัดการคุณภาพน้ำ,3008/64,ท่อระบายน้ำ,ฝาท่อระบายน้ำ,ไม่ระบุ,ไม่ระบุ,15/03/2564,25/06/2564,ประเมินผลเสร็จสิ้น,,,,,
ส่วนการโยธา,ฝ่ายสาธารณูปโภค,3020/64,ไฟฟ้า,ซ่อมแซมไฟฟ้าชำรุด,ไม่ระบุ,ไม่ระบุ,15/03/2564,22/03/2564,ประเมินผลเสร็จสิ้น,,,,,
ส่วนช่างสุขาภิบาล,ฝ่ายจัดการคุณภาพน้ำ,3054/64,ท่อระบายน้ำ,ฝาท่อระบายน้ำ,ไม่ระบุ,ไม่ระบุ,16/03/2564,30/04/2564,ประเมินผลเสร็จสิ้น,,,,,
ส่วนการโยธา,ฝ่ายศูนย์เครื่องจักรกล,3108/64,งานอื่น ๆ,งานซ่อมแซม,ไม่ระบุ,ไม่ระบุ,18/03/2564,29/03/2564,ประเมินผลเสร็จสิ้น,,,,,
ส่วนช่างสุขาภิบาล,ฝ่ายจัดการคุณภาพน้ำ,3407/64,ท่อระบายน้ำ,ฝาท่อระบายน้ำ,ไม่ระบุ,ไม่ระบุ,09/04/2564,24/05/2564,ประเมินผลเสร็จสิ้น,,,,,
ส่วนการโยธา,ฝ่ายศูนย์เครื่องจักรกล,3505/64,งานอื่น ๆ,ขอความอนุเคราะห์/ซ่อมแซมเครื่องออกกำลังกายกลางแจ้ง,ไม่ระบุ,ไม่ระบุ,22/04/2564,06/06/2564,ประเมินผลเสร็จสิ้น,,,,,
ส่วนช่างสุขาภิบาล,ฝ่ายจัดการคุณภาพน้ำ,3646/64,ท่อระบายน้ำ,ดูด/ลอก ท่อระบายน้ำ,ไม่ระบุ,ไม่ระบุ,30/04/2564,14/06/2564,ประเมินผลเสร็จสิ้น,,,,,
ส่วนการโยธา,ฝ่ายสวนสาธารณะ,3904/64,งานอื่น ๆ,ห้องน้ำชำรุด/ห้องน้ำไม่สะอาด,ไม่ระบุ,ไม่ระบุ,13/05/2564,27/06/2564,ประเมินผลเสร็จสิ้น,,,,,
ส่วนการโยธา,ฝ่ายสาธารณูปโภค,3936/64,ไฟฟ้า,ซ่อมแซมไฟฟ้าชำรุด,เขต 4,ไม่ระบุ,14/05/2564,21/05/2564,ประเมินผลเสร็จสิ้น,,,,,
ส่วนการโยธา,ฝ่ายสวนสาธารณะ,3951/64,งานอื่น ๆ,ตัดกิ่งไม้,ไม่ระบุ,ไม่ระบุ,14/05/2564,16/07/2564,ประเมินผลเสร็จสิ้น,,,,,
ส่วนการโยธา,ฝ่ายสาธารณูปโภค,4227/64,งานอื่น ๆ,ตัดกิ่งไม้,เขต 2,มิตรสัมพันธ์ 1,24/05/2564,21/08/2564,ประเมินผลเสร็จสิ้น,,,,,
ส่วนการโยธา,ฝ่ายสาธารณูปโภค,4313/64,ไฟฟ้า,ซ่อมแซมไฟฟ้าชำรุด,ไม่ระบุ,ไม่ระบุ,28/05/2564,04/06/2564,ประเมินผลเสร็จสิ้น,,,,,
ส่วนการโยธา,ฝ่ายสาธารณูปโภค,4376/64,ถนน,งานซ่อมแซมและบำรุงรักษาถนนและสะพาน,เขต 1,ไม่ระบุ,31/05/2564,15/07/2564,ประเมินผลเสร็จสิ้น,,,,,
ส่วนการโยธา,ฝ่ายสาธารณูปโภค,4398/64,ถนน,งานซ่อมแซมและบำรุงรักษาถนนและสะพาน,เขต 2,นาคะประเวศน์,01/06/2564,17/06/2564,ประเมินผลเสร็จสิ้น,,,,,
ส่วนการโยธา,ฝ่ายสาธารณูปโภค,4479/64,ไฟฟ้า,ซ่อมแซมไฟฟ้าชำรุด,ไม่ระบุ,ไม่ระบุ,04/06/2564,11/06/2564,ประเมินผลเสร็จสิ้น,,,,,
ส่วนการโยธา,ฝ่ายสาธารณูปโภค,4516/64,ไฟฟ้า,ซ่อมแซมไฟฟ้าชำรุด,เขต 1,ไม่ระบุ,07/06/2564,14/06/2564,ประเมินผลเสร็จสิ้น,,,,,
ส่วนช่างสุขาภิบาล,ฝ่ายจัดการคุณภาพน้ำ,4568/64,ท่อระบายน้ำ,ฝาท่อระบายน้ำ,ไม่ระบุ,ไม่ระบุ,08/06/2564,23/07/2564,ประเมินผลเสร็จสิ้น,,,,,
ส่วนการโยธา,ฝ่ายสาธารณูปโภค,4600/64,ไฟฟ้า,ซ่อมแซมไฟฟ้าชำรุด,ไม่ระบุ,ไม่ระบุ,09/06/2564,16/06/2564,ประเมินผลเสร็จสิ้น,,,,,
ส่วนการโยธา,ฝ่ายสาธารณูปโภค,4616/64,ไฟฟ้าขยายเขต,สำรวจขยายเขตไฟฟ้า,ไม่ระบุ,ไม่ระบุ,09/06/2564,02/09/2564,ประเมินผลเสร็จสิ้น,,,,,
ส่วนช่างสุขาภิบาล,ฝ่ายจัดการคุณภาพน้ำ,4648/64,ท่อระบายน้ำ,ฝาท่อระบายน้ำ,ไม่ระบุ,ไม่ระบุ,11/06/2564,29/07/2564,ประเมินผลเสร็จสิ้น,,,,,
ส่วนการโยธา,ฝ่ายสาธารณูปโภค,4687/64,ไฟฟ้า,ซ่อมแซมไฟฟ้าชำรุด,เขต 4,ศรีฐาน 2,14/06/2564,21/06/2564,ประเมินผลเสร็จสิ้น,,,,,
ส่วนการโยธา,ฝ่ายสาธารณูปโภค,4712/64,ถนน,งานซ่อมแซมและบำรุงรักษาถนนและสะพาน,เขต 4,หนองแวงตราชู 1,14/06/2564,01/07/2564,ประเมินผลเสร็จสิ้น,,,,,
ส่วนการโยธา,ฝ่ายสาธารณูปโภค,4767/64,ไฟฟ้า,ซ่อมแซมไฟฟ้าชำรุด,เขต 1,ไม่ระบุ,16/06/2564,23/06/2564,ประเมินผลเสร็จสิ้น,,,,,
ส่วนการโยธา,ฝ่ายสาธารณูปโภค,4837/64,ไฟฟ้า,ซ่อมแซมไฟฟ้าชำรุด,เขต 3,หนองแวงเมืองเก่า1,21/06/2564,28/06/2564,ประเมินผลเสร็จสิ้น,,,,,
ส่วนการโยธา,ฝ่ายสาธารณูปโภค,4852/64,ไฟฟ้า,ติดตั้งโคมไฟฟ้า,เขต 2,คุ้มหนองคู,21/06/2564,06/07/2564,ประเมินผลเสร็จสิ้น,,,,,
ส่วนการโยธา,ฝ่ายสาธารณูปโภค,5056/64,ไฟฟ้า,ซ่อมแซมไฟฟ้าชำรุด,ไม่ระบุ,ไม่ระบุ,29/06/2564,06/07/2564,ประเมินผลเสร็จสิ้น,,,,,
ส่วนการโยธา,ฝ่ายสาธารณูปโภค,5157/64,ถนน,งานซ่อมแซมและบำรุงรักษาถนนและสะพาน,เขต 3,เหล่านาดี 12,02/07/2564,16/08/2564,ประเมินผลเสร็จสิ้น,,,,,
ส่วนช่างสุขาภิบาล,ฝ่ายจัดการคุณภาพน้ำ,5260/64,ท่อระบายน้ำ,ฝาท่อระบายน้ำ,ไม่ระบุ,ไม่ระบุ,06/07/2564,20/08/2564,ประเมินผลเสร็จสิ้น,,,,,
ส่วนการโยธา,ฝ่ายสาธารณูปโภค,5523/64,ไฟฟ้า,ซ่อมแซมไฟฟ้าชำรุด,ไม่ระบุ,ไม่ระบุ,16/07/2564,26/07/2564,ประเมินผลเสร็จสิ้น,,,,,
ส่วนการโยธา,ฝ่ายสาธารณูปโภค,5633/64,ไฟฟ้า,ซ่อมแซมไฟฟ้าชำรุด,ไม่ระบุ,ไม่ระบุ,22/07/2564,29/07/2564,ประเมินผลเสร็จสิ้น,,,,,
ส่วนการโยธา,ฝ่ายวิศวกรรมจราจร,5645/64,วิศวกรรมจราจร,ทาสีตีเส้นจราจร/ยางชะลอความเร็ว/ยางมะตอย,เขต 3,ไม่ระบุ,22/07/2564,29/07/2564,ประเมินผลเสร็จสิ้น,,,,,
ส่วนช่างสุขาภิบาล,ฝ่ายจัดการคุณภาพน้ำ,5742/64,ท่อระบายน้ำ,ฝาท่อระบายน้ำ,ไม่ระบุ,ไม่ระบุ,29/07/2564,13/09/2564,ประเมินผลเสร็จสิ้น,,,,,
ส่วนช่างสุขาภิบาล,ฝ่ายจัดการคุณภาพน้ำ,5854/64,ท่อระบายน้ำ,ฝาท่อระบายน้ำ,ไม่ระบุ,ไม่ระบุ,02/08/2564,16/09/2564,ประเมินผลเสร็จสิ้น,,,,,
ส่วนการโยธา,ฝ่ายสาธารณูปโภค,5939/64,ไฟฟ้า,ซ่อมแซมไฟฟ้าชำรุด,ไม่ระบุ,ไม่ระบุ,05/08/2564,12/08/2564,ประเมินผลเสร็จสิ้น,,,,,
ส่วนการโยธา,ฝ่ายสาธารณูปโภค,6106/64,ไฟฟ้า,ซ่อมแซมไฟฟ้าชำรุด,ไม่ระบุ,ไม่ระบุ,16/08/2564,23/08/2564,ประเมินผลเสร็จสิ้น,,,,,
ส่วนการโยธา,ฝ่ายสาธารณูปโภค,6136/64,ไฟฟ้า,ซ่อมแซมไฟฟ้าชำรุด,เขต 3,ไม่ระบุ,18/08/2564,26/08/2564,ประเมินผลเสร็จสิ้น,,,,,
ส่วนควบคุมการก่อสร้างอาคารและผังเมือง,ฝ่ายงานควบคุมอาคารและผังเมือง,6339/64,งานอาคาร,งานอาคารใหม่ 1,ไม่ระบุ,ไม่ระบุ,26/08/2564,06/09/2564,ประเมินผลเสร็จสิ้น,,,,,
ส่วนช่างสุขาภิบาล,ฝ่ายจัดการคุณภาพน้ำ,6376/64,ท่อระบายน้ำ,ดูด/ลอก ท่อระบายน้ำ,ไม่ระบุ,ไม่ระบุ,27/08/2564,11/10/2564,ประเมินผลเสร็จสิ้น,,,,,
ส่วนการโยธา,ฝ่ายสาธารณูปโภค,6405/64,ไฟฟ้า,ซ่อมแซมไฟฟ้าชำรุด,เขต 3,เหล่านาดี 12,30/08/2564,07/09/2564,ประเมินผลเสร็จสิ้น,,,,,
ส่วนการโยธา,ฝ่ายสาธารณูปโภค,6484/64,ไฟฟ้า,ซ่อมแซมไฟฟ้าชำรุด,เขต 3,โนนทัน 3,02/09/2564,09/09/2564,ประเมินผลเสร็จสิ้น,,,,,
ส่วนช่างสุขาภิบาล,ฝ่ายจัดการคุณภาพน้ำ,6510/64,ท่อระบายน้ำ,ดูด/ลอก ท่อระบายน้ำ,ไม่ระบุ,ไม่ระบุ,03/09/2564,18/10/2564,ประเมินผลเสร็จสิ้น,,,,,
ส่วนการโยธา,ฝ่ายสาธารณูปโภค,6761/64,ไฟฟ้า,ซ่อมแซมไฟฟ้าชำรุด,เขต 2,นาคะประเวศน์,17/09/2564,24/09/2564,ประเมินผลเสร็จสิ้น,,,,,
ส่วนควบคุมการก่อสร้างอาคารและผังเมือง,ฝ่ายแบบแผนและก่อสร้าง,6992/64,งานควบคุมการก่อสร้าง,ตรวจสอบโครงสร้างของอาคาร,ไม่ระบุ,ไม่ระบุ,29/09/2564,29/11/2564,ประเมินผลเสร็จสิ้น,,,,,
ส่วนการโยธา,ฝ่ายสวนสาธารณะ,79/65,งานตัดกิ่งไม้และเกาะกลางถนน,ตัดกิ่งไม้และเกาะกลางถนน,เขต 2,มิตรสัมพันธ์ 2,05/10/2564,19/11/2564,ประเมินผลเสร็จสิ้น,,,,,
ส่วนการโยธา,ฝ่ายสาธารณูปโภค,99/65,ไฟฟ้า,ซ่อมแซมไฟฟ้าชำรุด,เขต 1,ไม่ระบุ,06/10/2564,13/10/2564,ประเมินผลเสร็จสิ้น,,,,,
ส่วนการโยธา,ฝ่ายสาธารณูปโภค,170/65,ไฟจราจร,ซ่อมแซมไฟจราจร,ไม่ระบุ,ไม่ระบุ,11/10/2564,18/10/2564,ประเมินผลเสร็จสิ้น,,,,,
ส่วนการโยธา,ฝ่ายสาธารณูปโภค,186/65,ไฟจราจร,ซ่อมแซมไฟจราจร,ไม่ระบุ,ไม่ระบุ,11/10/2564,18/10/2564,ประเมินผลเสร็จสิ้น,,,,,
ส่วนการโยธา,ฝ่ายสาธารณูปโภค,354/65,ถนน,งานซ่อมแซมและบำรุงรักษาถนนและสะพาน,เขต 3,ไม่ระบุ,18/10/2564,03/12/2564,ประเมินผลเสร็จสิ้น,,,,,
ส่วนการโยธา,ฝ่ายสาธารณูปโภค,417/65,งานสถานที่,ยืมเต็นท์/โต๊ะ/เก้าอี้,ไม่ระบุ,ไม่ระบุ,20/10/2564,28/10/2564,ประเมินผลเสร็จสิ้น,,,,,
ส่วนการโยธา,ฝ่ายสาธารณูปโภค,430/65,ไฟฟ้า,ติดตั้งโคมไฟฟ้า,เขต 2,บ้านพัก ตชด.,20/10/2564,04/11/2564,ประเมินผลเสร็จสิ้น,,,,,
ส่วนการโยธา,ฝ่ายสาธารณูปโภค,751/65,ไฟฟ้า,ซ่อมแซมไฟฟ้าชำรุด,เขต 3,95 ก้าวหน้านคร,05/11/2564,22/11/2564,ประเมินผลเสร็จสิ้น,,,,,
ส่วนช่างสุขาภิบาล,ฝ่ายจัดการคุณภาพน้ำ,1074/65,ท่อระบายน้ำ,ฝาท่อระบายน้ำ,ไม่ระบุ,ไม่ระบุ,23/11/2564,07/01/2565,ประเมินผลเสร็จสิ้น,,,,,
ส่วนการโยธา,ฝ่ายสาธารณูปโภค,1115/65,ไฟจราจร,ซ่อมแซมไฟจราจร,เขต 2,ไม่ระบุ,26/11/2564,03/12/2564,ประเมินผลเสร็จสิ้น,,,,,
ส่วนการโยธา,ฝ่ายสาธารณูปโภค,1162/65,ไฟฟ้า,ซ่อมแซมไฟฟ้าชำรุด,เขต 2,ซอยธารทิพย์,30/11/2564,07/12/2564,ประเมินผลเสร็จสิ้น,,,,,
ส่วนการโยธา,ฝ่ายสวนสาธารณะ,1237/65,งานตัดกิ่งไม้และเกาะกลางถนน,ตัดกิ่งไม้และเกาะกลางถนน,เขต 2,ศรีจันทร์,07/12/2564,21/01/2565,ประเมินผลเสร็จสิ้น,,,,,
ส่วนการโยธา,ฝ่ายสาธารณูปโภค,1285/65,ไฟฟ้า,ซ่อมแซมไฟฟ้าชำรุด,เขต 2,ศิริมงคล,08/12/2564,15/12/2564,ประเมินผลเสร็จสิ้น,,,,,
ส่วนการโยธา,ฝ่ายศูนย์เครื่องจักรกล,1539/65,งานศูนย์เครื่องจักรกล,กระจกนูน,เขต 2,นาคะประเวศน์,27/12/2564,11/02/2565,ประเมินผลเสร็จสิ้น,,,,,
ส่วนการโยธา,ฝ่ายศูนย์เครื่องจักรกล,1540/65,งานศูนย์เครื่องจักรกล,ป้ายซอย,เขต 2,นาคะประเวศน์,27/12/2564,11/02/2565,ประเมินผลเสร็จสิ้น,,,,,
ส่วนการโยธา,ฝ่ายศูนย์เครื่องจักรกล,1546/65,งานศูนย์เครื่องจักรกล,ป้ายชุมชน,ไม่ระบุ,ไม่ระบุ,27/12/2564,11/02/2565,ประเมินผลเสร็จสิ้น,,,,,
ส่วนช่างสุขาภิบาล,ฝ่ายจัดการคุณภาพน้ำ,1569/65,ท่อระบายน้ำ,ฝาท่อระบายน้ำ,ไม่ระบุ,ไม่ระบุ,27/12/2564,12/02/2565,ประเมินผลเสร็จสิ้น,,,,,
ส่วนการโยธา,ฝ่ายสาธารณูปโภค,1824/65,ไฟฟ้า,ซ่อมแซมไฟฟ้าชำรุด,เขต 3,โนนทัน 4,14/01/2565,21/01/2565,ประเมินผลเสร็จสิ้น,,,,,
ส่วนการโยธา,ฝ่ายสาธารณูปโภค,1878/65,ถนน,งานซ่อมแซมและบำรุงรักษาถนนและสะพาน,ไม่ระบุ,ไม่ระบุ,18/01/2565,04/03/2565,ประเมินผลเสร็จสิ้น,,,,,
ส่วนการโยธา,ฝ่ายวิศวกรรมจราจร,1907/65,วิศวกรรมจราจร,ทาสีตีเส้นจราจร/ยางชะลอความเร็ว/ยางมะตอย,ไม่ระบุ,ไม่ระบุ,19/01/2565,27/01/2565,ประเมินผลเสร็จสิ้น,,,,,
ส่วนการโยธา,ฝ่ายสาธารณูปโภค,1953/65,ถนน,งานซ่อมแซมและบำรุงรักษาถนนและสะพาน,ไม่ระบุ,ไม่ระบุ,24/01/2565,11/03/2565,ประเมินผลเสร็จสิ้น,,,,,
ส่วนการโยธา,ฝ่ายสาธารณูปโภค,2047/65,ไฟฟ้า,ซ่อมแซมไฟฟ้าชำรุด,เขต 2,ซอยธารทิพย์,28/01/2565,04/02/2565,ประเมินผลเสร็จสิ้น,,,,,
ส่วนการโยธา,ฝ่ายสาธารณูปโภค,2090/65,ไฟฟ้า,ซ่อมแซมไฟฟ้าชำรุด,เขต 1,ไม่ระบุ,01/02/2565,08/02/2565,ประเมินผลเสร็จสิ้น,,,,,
ส่วนช่างสุขาภิบาล,ฝ่ายจัดการคุณภาพน้ำ,2120/65,ท่อระบายน้ำ,ดูด/ลอก ท่อระบายน้ำ,ไม่ระบุ,ไม่ระบุ,02/02/2565,20/03/2565,ประเมินผลเสร็จสิ้น,,,,,
ส่วนการโยธา,ฝ่ายสวนสาธารณะ,2230/65,งานตัดกิ่งไม้และเกาะกลางถนน,ตัดกิ่งไม้และเกาะกลางถนน,เขต 3,โนนทัน 4,08/02/2565,16/02/2565,ประเมินผลเสร็จสิ้น,,,,,
ส่วนการโยธา,ฝ่ายสาธารณูปโภค,2289/65,ไฟฟ้า,ซ่อมแซมไฟฟ้าชำรุด,เขต 2,ธนาคร,10/02/2565,17/02/2565,ประเมินผลเสร็จสิ้น,,,,,
ส่วนการโยธา,ฝ่ายสาธารณูปโภค,2302/65,ไฟฟ้า,ซ่อมแซมไฟฟ้าชำรุด,เขต 2,ไม่ระบุ,11/02/2565,18/02/2565,ประเมินผลเสร็จสิ้น,,,,,
ส่วนช่างสุขาภิบาล,ฝ่ายจัดการคุณภาพน้ำ,2482/65,ท่อระบายน้ำ,ดูด/ลอก ท่อระบายน้ำ,ไม่ระบุ,ไม่ระบุ,21/02/2565,08/04/2565,ประเมินผลเสร็จสิ้น,,,,,
ส่วนช่างสุขาภิบาล,ฝ่ายจัดการคุณภาพน้ำ,2539/65,ท่อระบายน้ำ,ฝาท่อระบายน้ำ,ไม่ระบุ,ไม่ระบุ,23/02/2565,10/04/2565,ประเมินผลเสร็จสิ้น,,,,,
ส่วนควบคุมการก่อสร้างอาคารและผังเมือง,ฝ่ายงานควบคุมอาคารและผังเมือง,2755/65,งานอาคาร,งานอาคารใหม่ 1,ไม่ระบุ,ไม่ระบุ,09/03/2565,16/03/2565,ประเมินผลเสร็จสิ้น,,,,,
ส่วนการโยธา,ฝ่ายสาธารณูปโภค,2976/65,ถนน,งานซ่อมแซมและบำรุงรักษาถนนและสะพาน,เขต 4,ศรีฐาน 1,18/03/2565,05/05/2565,ประเมินผลเสร็จสิ้น,,,,,
ส่วนการโยธา,ฝ่ายสาธารณูปโภค,3012/65,ไฟฟ้า,ติดตั้งโคมไฟฟ้า,เขต 2,หนองใหญ่ 2,21/03/2565,05/04/2565,ประเมินผลเสร็จสิ้น,,,,,
ส่วนการโยธา,ฝ่ายศูนย์เครื่องจักรกล,3013/65,งานอื่น ๆ,งานซ่อมแซม,เขต 3,ไม่ระบุ,19/03/2565,06/05/2565,ประเมินผลเสร็จสิ้น,,,,,
ส่วนการโยธา,ฝ่ายสาธารณูปโภค,3087/65,ไฟฟ้า,ซ่อมแซมไฟฟ้าชำรุด,เขต 4,ไม่ระบุ,24/03/2565,31/03/2565,ประเมินผลเสร็จสิ้น,,,,,
ส่วนช่างสุขาภิบาล,ฝ่ายจัดการคุณภาพน้ำ,3102/65,ท่อระบายน้ำ,ดูด/ลอก ท่อระบายน้ำ,ไม่ระบุ,ไม่ระบุ,24/03/2565,09/05/2565,ประเมินผลเสร็จสิ้น,,,,,
ส่วนการโยธา,ฝ่ายสาธารณูปโภค,3324/65,ไฟฟ้า,ซ่อมแซมไฟฟ้าชำรุด,ไม่ระบุ,ไม่ระบุ,04/04/2565,11/04/2565,ประเมินผลเสร็จสิ้น,,,,,
ส่วนการโยธา,ฝ่ายสาธารณูปโภค,3355/65,ไฟฟ้า,ซ่อมแซมไฟฟ้าชำรุด,ไม่ระบุ,ไม่ระบุ,05/04/2565,03/06/2565,ประเมินผลเสร็จสิ้น,,,,,
ส่วนช่างสุขาภิบาล,ฝ่ายจัดการคุณภาพน้ำ,3417/65,ท่อระบายน้ำ,น้ำท่วม,เขต 4,สามเหลี่ยม  1,08/04/2565,24/05/2565,ส่งต่อหน่วยงานอื่น,,,,,
ส่วนการโยธา,ฝ่ายสาธารณูปโภค,3581/65,ไฟฟ้า,ซ่อมแซมไฟฟ้าชำรุด,เขต 4,หนองแวงตราชู 3,25/04/2565,06/05/2565,ประเมินผลเสร็จสิ้น,,,,,
ส่วนช่างสุขาภิบาล,ฝ่ายจัดการคุณภาพน้ำ,3793/65,ท่อระบายน้ำ,ฝาท่อระบายน้ำ,ไม่ระบุ,ไม่ระบุ,03/05/2565,19/06/2565,ประเมินผลเสร็จสิ้น,,,,,
ส่วนการโยธา,ฝ่ายสวนสาธารณะ,3916/65,งานตัดกิ่งไม้และเกาะกลางถนน,ตัดกิ่งไม้และเกาะกลางถนน,เขต 4,ไม่ระบุ,11/05/2565,25/06/2565,ประเมินผลเสร็จสิ้น,,,,,
ส่วนการโยธา,ฝ่ายสาธารณูปโภค,4043/65,ถนน,งานซ่อมแซมและบำรุงรักษาถนนและสะพาน,เขต 1,โนนชัย 1,18/05/2565,04/07/2565,ประเมินผลเสร็จสิ้น,,,,,
ส่วนการโยธา,ฝ่ายสาธารณูปโภค,4051/65,ไฟฟ้า,ซ่อมแซมไฟฟ้าชำรุด,เขต 1,โนนชัย 1,18/05/2565,25/05/2565,ประเมินผลเสร็จสิ้น,,,,,
ส่วนการโยธา,ฝ่ายสาธารณูปโภค,4121/65,ถนน,งานซ่อมแซมและบำรุงรักษาถนนและสะพาน,เขต 1,ไม่ระบุ,20/05/2565,04/07/2565,ประเมินผลเสร็จสิ้น,,,,,
ส่วนการโยธา,ฝ่ายสวนสาธารณะ,4178/65,งานตัดกิ่งไม้และเกาะกลางถนน,ตัดกิ่งไม้และเกาะกลางถนน,เขต 2,ชัยณรงค์-สามัคคี,23/05/2565,30/05/2565,ประเมินผลเสร็จสิ้น,,,,,
ส่วนการโยธา,ฝ่ายสาธารณูปโภค,4279/65,ไฟฟ้า,ซ่อมแซมไฟฟ้าชำรุด,เขต 2,ไม่ระบุ,26/05/2565,02/06/2565,ประเมินผลเสร็จสิ้น,,,,,
ส่วนการโยธา,ฝ่ายสวนสาธารณะ,4319/65,งานตัดกิ่งไม้และเกาะกลางถนน,ตัดกิ่งไม้และเกาะกลางถนน,ไม่ระบุ,ไม่ระบุ,27/05/2565,13/06/2565,ประเมินผลเสร็จสิ้น,,,,,
ส่วนการโยธา,ฝ่ายสวนสาธารณะ,4518/65,งานตัดกิ่งไม้และเกาะกลางถนน,ตัดกิ่งไม้และเกาะกลางถนน,เขต 3,ไม่ระบุ,06/06/2565,22/06/2565,ประเมินผลเสร็จสิ้น,,,,,
ส่วนการโยธา,ฝ่ายสาธารณูปโภค,4569/65,ไฟฟ้า,ซ่อมแซมไฟฟ้าชำรุด,เขต 3,โนนทัน 7,07/06/2565,15/06/2565,ประเมินผลเสร็จสิ้น,,,,,
ส่วนช่างสุขาภิบาล,ฝ่ายจัดการคุณภาพน้ำ,4865/65,ท่อระบายน้ำ,วางท่อระบายน้ำ,เขต 4,ศรีฐาน 2,17/06/2565,01/08/2565,แก้ไขคำร้อง,,,,,
ส่วนการโยธา,ฝ่ายวิศวกรรมจราจร,4912/65,วิศวกรรมจราจร,ทาสีตีเส้นจราจร/ยางชะลอความเร็ว/ยางมะตอย,เขต 4,ไม่ระบุ,21/06/2565,06/08/2565,ประเมินผลเสร็จสิ้น,,,,,
ส่วนการโยธา,ฝ่ายสาธารณูปโภค,4953/65,ไฟฟ้า,ซ่อมแซมไฟฟ้าชำรุด,เขต 2,หนองใหญ่ 2,22/06/2565,29/06/2565,ประเมินผลเสร็จสิ้น,,,,,
ส่วนช่างสุขาภิบาล,ฝ่ายจัดการคุณภาพน้ำ,4973/65,ท่อระบายน้ำ,ฝาท่อระบายน้ำ,ไม่ระบุ,ไม่ระบุ,22/06/2565,07/08/2565,ประเมินผลเสร็จสิ้น,,,,,
ส่วนการโยธา,ฝ่ายสาธารณูปโภค,5039/65,ไฟฟ้า,ซ่อมแซมไฟฟ้าชำรุด,เขต 4,ศรีฐาน 2,24/06/2565,04/07/2565,ประเมินผลเสร็จสิ้น,,,,,
ส่วนการโยธา,ฝ่ายสาธารณูปโภค,5040/65,งานสถานที่,ยืมเต็นท์/โต๊ะ/เก้าอี้,เขต 2,บะขาม,24/06/2565,11/07/2565,ประเมินผลเสร็จสิ้น,,,,,
ส่วนการโยธา,ฝ่ายสวนสาธารณะ,5055/65,งานตัดกิ่งไม้และเกาะกลางถนน,ตัดกิ่งไม้และเกาะกลางถนน,เขต 2,บะขาม,27/06/2565,11/08/2565,ประเมินผลเสร็จสิ้น,,,,,
ส่วนการโยธา,ฝ่ายสาธารณูปโภค,5135/65,ไฟฟ้า,ซ่อมแซมไฟฟ้าชำรุด,เขต 1,ไม่ระบุ,28/06/2565,06/07/2565,ประเมินผลเสร็จสิ้น,,,,,
ส่วนการโยธา,ฝ่ายสาธารณูปโภค,5136/65,ไฟฟ้า,ซ่อมแซมไฟฟ้าชำรุด,เขต 1,ไม่ระบุ,28/06/2565,06/07/2565,ประเมินผลเสร็จสิ้น,,,,,
ส่วนการโยธา,ฝ่ายสาธารณูปโภค,5137/65,ไฟฟ้า,ซ่อมแซมไฟฟ้าชำรุด,เขต 1,ไม่ระบุ,28/06/2565,08/07/2565,ประเมินผลเสร็จสิ้น,,,,,
ส่วนควบคุมการก่อสร้างอาคารและผังเมือง,ฝ่ายงานควบคุมอาคารและผังเมือง,5285/65,งานอาคาร,งานอาคารใหม่ 1,ไม่ระบุ,ไม่ระบุ,04/07/2565,20/08/2565,ประเมินผลเสร็จสิ้น,,,,,
ส่วนการโยธา,ฝ่ายสาธารณูปโภค,5308/65,ไฟฟ้า,ซ่อมแซมไฟฟ้าชำรุด,เขต 3,พระนครศรีบริรักษ์,05/07/2565,12/07/2565,ประเมินผลเสร็จสิ้น,,,,,
ส่วนการโยธา,ฝ่ายวิศวกรรมจราจร,5329/65,วิศวกรรมจราจร,กระจกนูน,เขต 1,หลังศูนย์ราชการ 1,06/07/2565,21/08/2565,ประเมินผลเสร็จสิ้น,,,,,
ส่วนการโยธา,ฝ่ายสาธารณูปโภค,5362/65,ถนน,งานซ่อมแซมและบำรุงรักษาถนนและสะพาน,เขต 3,เหล่านาดี 12,08/07/2565,15/07/2565,ประเมินผลเสร็จสิ้น,,,,,
ส่วนการโยธา,ฝ่ายสาธารณูปโภค,5432/65,ถนน,งานซ่อมแซมและบำรุงรักษาถนนและสะพาน,เขต 1,ไม่ระบุ,12/07/2565,29/08/2565,ประเมินผลเสร็จสิ้น,,,,,
ส่วนการโยธา,ฝ่ายสวนสาธารณะ,6307/65,งานตัดกิ่งไม้และเกาะกลางถนน,ตัดกิ่งไม้และเกาะกลางถนน,เขต 2,ศรีจันทร์พัฒนา,22/08/2565,06/10/2565,ประเมินผลเสร็จสิ้น,,,,,
ส่วนช่างสุขาภิบาล,ฝ่ายจัดการคุณภาพน้ำ,6318/65,ท่อระบายน้ำ,ฝาท่อระบายน้ำ,ไม่ระบุ,ไม่ระบุ,22/08/2565,07/10/2565,ประเมินผลเสร็จสิ้น,,,,,
ส่วนช่างสุขาภิบาล,ฝ่ายจัดการคุณภาพน้ำ,6405/65,ท่อระบายน้ำ,ฝาท่อระบายน้ำ,ไม่ระบุ,ไม่ระบุ,26/08/2565,10/10/2565,ประเมินผลเสร็จสิ้น,,,,,
ส่วนการโยธา,ฝ่ายสาธารณูปโภค,6407/65,ไฟฟ้า,ซ่อมแซมไฟฟ้าชำรุด,เขต 3,หลังสนามกีฬา 1,26/08/2565,02/09/2565,ประเมินผลเสร็จสิ้น,,,,,
ส่วนการโยธา,ฝ่ายสาธารณูปโภค,6461/65,ถนน,งานซ่อมแซมและบำรุงรักษาถนนและสะพาน,เขต 1,โนนชัย 3,30/08/2565,15/10/2565,ประเมินผลเสร็จสิ้น,,,,,
ส่วนการโยธา,ฝ่ายสาธารณูปโภค,6496/65,ถนน,งานซ่อมแซมและบำรุงรักษาถนนและสะพาน,เขต 2,คุ้มพระลับ,31/08/2565,19/09/2565,ประเมินผลเสร็จสิ้น,,,,,
ส่วนการโยธา,ฝ่ายสาธารณูปโภค,6764/65,ไฟฟ้า,ซ่อมแซมไฟฟ้าชำรุด,เขต 3,ไม่ระบุ,13/09/2565,20/09/2565,ประเมินผลเสร็จสิ้น,,,,,
ส่วนการโยธา,ฝ่ายสาธารณูปโภค,7096/65,ไฟฟ้า,ซ่อมแซมไฟฟ้าชำรุด,เขต 3,โนนทัน 3,30/09/2565,10/10/2565,ประเมินผลเสร็จสิ้น,,,,,
ส่วนช่างสุขาภิบาล,ฝ่ายจัดการคุณภาพน้ำ,7107/65,ท่อระบายน้ำ,ฝาท่อระบายน้ำ,ไม่ระบุ,ไม่ระบุ,30/09/2565,14/11/2565,ประเมินผลเสร็จสิ้น,,,,,
ส่วนการโยธา,ฝ่ายสาธารณูปโภค,233/66,ไฟฟ้า,ติดตั้งโคมไฟฟ้า,เขต 3,ไม่ระบุ,11/10/2565,19/10/2565,ประเมินผลเสร็จสิ้น,,,,,
ส่วนการโยธา,ฝ่ายสาธารณูปโภค,403/66,ไฟฟ้า,ซ่อมแซมไฟฟ้าชำรุด,เขต 3,คุ้มวัดกลาง,20/10/2565,29/10/2565,ประเมินผลเสร็จสิ้น,,,,,
ส่วนการโยธา,ฝ่ายสวนสาธารณะ,419/66,งานตัดกิ่งไม้และเกาะกลางถนน,ตัดกิ่งไม้และเกาะกลางถนน,เขต 4,หนองแวงตราชู 1,20/10/2565,04/12/2565,ประเมินผลเสร็จสิ้น,,,,,
ส่วนการโยธา,ฝ่ายสาธารณูปโภค,487/66,ไฟฟ้า,ซ่อมแซมไฟฟ้าชำรุด,ไม่ระบุ,ไม่ระบุ,27/10/2565,03/11/2565,ประเมินผลเสร็จสิ้น,,,,,
ส่วนการโยธา,ฝ่ายสาธารณูปโภค,504/66,ถนน,งานซ่อมแซมและบำรุงรักษาถนนและสะพาน,เขต 4,ศรีฐาน 1,27/10/2565,15/12/2565,ประเมินผลเสร็จสิ้น,,,,,
ส่วนการโยธา,ฝ่ายสาธารณูปโภค,524/66,ไฟฟ้า,ซ่อมแซมไฟฟ้าชำรุด,เขต 1,ดอนหญ้านาง 2,28/10/2565,04/11/2565,ประเมินผลเสร็จสิ้น,,,,,
ส่วนช่างสุขาภิบาล,ฝ่ายจัดการคุณภาพน้ำ,546/66,ท่อระบายน้ำ,ฝาท่อระบายน้ำ,ไม่ระบุ,ไม่ระบุ,28/10/2565,12/12/2565,ประเมินผลเสร็จสิ้น,,,,,
ส่วนการโยธา,ฝ่ายสาธารณูปโภค,691/66,ไฟฟ้า,ซ่อมแซมไฟฟ้าชำรุด,เขต 4,หนองแวงตราชู 4,07/11/2565,15/11/2565,ประเมินผลเสร็จสิ้น,,,,,
ส่วนช่างสุขาภิบาล,ฝ่ายจัดการคุณภาพน้ำ,698/66,ท่อระบายน้ำ,ดูด/ลอก ท่อระบายน้ำ,เขต 1,ดอนหญ้านาง 2,07/11/2565,23/12/2565,ประเมินผลเสร็จสิ้น,,,,,
ส่วนช่างสุขาภิบาล,ฝ่ายจัดการคุณภาพน้ำ,727/66,ท่อระบายน้ำ,ฝาท่อระบายน้ำ,เขต 3,บ้านตูม,08/11/2565,25/12/2565,ประเมินผลเสร็จสิ้น,,,,,
ส่วนการโยธา,ฝ่ายสาธารณูปโภค,754/66,ไฟฟ้า,ซ่อมแซมไฟฟ้าชำรุด,เขต 1,ไม่ระบุ,10/11/2565,21/11/2565,ประเมินผลเสร็จสิ้น,,,,,
ส่วนการโยธา,ฝ่ายสาธารณูปโภค,852/66,ถนน,งานซ่อมแซมและบำรุงรักษาถนนและสะพาน,เขต 2,ศิริมงคล,15/11/2565,01/12/2565,ประเมินผลเสร็จสิ้น,,,,,
ส่วนการโยธา,ฝ่ายสาธารณูปโภค,909/66,ไฟฟ้า,ซ่อมแซมไฟฟ้าชำรุด,เขต 3,หนองแวงเมืองเก่า1,17/11/2565,24/11/2565,ประเมินผลเสร็จสิ้น,,,,,
ส่วนช่างสุขาภิบาล,ฝ่ายจัดการคุณภาพน้ำ,1036/66,ท่อระบายน้ำ,ฝาท่อระบายน้ำ,เขต 3,ไม่ระบุ,24/11/2565,09/01/2566,ประเมินผลเสร็จสิ้น,,,,,
ส่วนการโยธา,ฝ่ายสาธารณูปโภค,1118/66,ไฟฟ้า,ซ่อมแซมไฟฟ้าชำรุด,เขต 2,ไม่ระบุ,29/11/2565,06/12/2565,ประเมินผลเสร็จสิ้น,,,,,
ส่วนการโยธา,ฝ่ายสวนสาธารณะ,1121/66,งานตัดกิ่งไม้และเกาะกลางถนน,ตัดกิ่งไม้และเกาะกลางถนน,เขต 4,คุ้มวัดป่าอดุลยาราม,29/11/2565,13/01/2566,ประเมินผลเสร็จสิ้น,,,,,
ส่วนการโยธา,ฝ่ายสาธารณูปโภค,1143/66,ไฟฟ้า,ซ่อมแซมไฟฟ้าชำรุด,เขต 1,เจ้าพ่อเกษม,30/11/2565,07/12/2565,ประเมินผลเสร็จสิ้น,,,,,
ส่วนการโยธา,ฝ่ายสาธารณูปโภค,1159/66,ไฟฟ้า,ซ่อมแซมไฟฟ้าชำรุด,เขต 1,เจ้าพ่อเกษม,01/12/2565,09/12/2565,ประเมินผลเสร็จสิ้น,,,,,
ส่วนช่างสุขาภิบาล,ฝ่ายจัดการคุณภาพน้ำ,1256/66,ท่อระบายน้ำ,ฝาท่อระบายน้ำ,เขต 3,คุ้มวัดธาตุ,07/12/2565,21/01/2566,ประเมินผลเสร็จสิ้น,,,,,
ส่วนการโยธา,ฝ่ายสาธารณูปโภค,1401/66,ไฟฟ้า,ซ่อมแซมไฟฟ้าชำรุด,เขต 3,โนนทัน 3,16/12/2565,24/12/2565,ประเมินผลเสร็จสิ้น,,,,,
ส่วนการโยธา,ฝ่ายสาธารณูปโภค,1501/66,ถนน,งานซ่อมแซมและบำรุงรักษาถนนและสะพาน,เขต 4,สามเหลี่ยม  2,21/12/2565,08/01/2566,ประเมินผลเสร็จสิ้น,,,,,
ส่วนการโยธา,ฝ่ายวิศวกรรมจราจร,1661/66,วิศวกรรมจราจร,ทาสีตีเส้นจราจร/ยางชะลอความเร็ว/ยางมะตอย,เขต 2,ไม่ระบุ,03/01/2566,11/01/2566,ประเมินผลเสร็จสิ้น,,,,,
ส่วนการโยธา,ฝ่ายสาธารณูปโภค,1756/66,ไฟฟ้า,ซ่อมแซมไฟฟ้าชำรุด,เขต 3,พระนครศรีบริรักษ์,09/01/2566,16/01/2566,ประเมินผลเสร็จสิ้น,,,,,
ส่วนการโยธา,ฝ่ายวิศวกรรมจราจร,1938/66,วิศวกรรมจราจร,ทาสีตีเส้นจราจร/ยางชะลอความเร็ว/ยางมะตอย,เขต 2,ศรีจันทร์พัฒนา,18/01/2566,04/03/2566,ประเมินผลเสร็จสิ้น,,,,,
ส่วนควบคุมการก่อสร้างอาคารและผังเมือง,ฝ่ายงานควบคุมอาคารและผังเมือง,1946/66,งานอาคาร,งานอาคารใหม่ 1,ไม่ระบุ,ไม่ระบุ,13/01/2566,09/12/2566,ประเมินผลเสร็จสิ้น,,,,,
ส่วนการโยธา,ฝ่ายสาธารณูปโภค,2180/66,ถนน,งานซ่อมแซมและบำรุงรักษาถนนและสะพาน,เขต 4,สามเหลี่ยม  3,31/01/2566,17/03/2566,ประเมินผลเสร็จสิ้น,,,,,
ส่วนการโยธา,ฝ่ายสาธารณูปโภค,2257/66,ไฟฟ้า,ซ่อมแซมไฟฟ้าชำรุด,เขต 3,โนนทัน 5,03/02/2566,12/02/2566,ประเมินผลเสร็จสิ้น,,,,,
ส่วนการโยธา,ฝ่ายสาธารณูปโภค,2345/66,ไฟฟ้า,ซ่อมแซมไฟฟ้าชำรุด,เขต 3,พระนครศรีบริรักษ์,08/02/2566,15/02/2566,ประเมินผลเสร็จสิ้น,,,,,
ส่วนการโยธา,ฝ่ายสวนสาธารณะ,2353/66,งานตัดกิ่งไม้และเกาะกลางถนน,ตัดกิ่งไม้และเกาะกลางถนน,เขต 4,ศรีฐาน 2,08/02/2566,27/03/2566,ประเมินผลเสร็จสิ้น,,,,,
ส่วนการโยธา,ฝ่ายสาธารณูปโภค,2423/66,ไฟจราจร,ซ่อมแซมไฟจราจร,ไม่ระบุ,ไม่ระบุ,13/02/2566,20/02/2566,ประเมินผลเสร็จสิ้น,,,,,
ส่วนการโยธา,ฝ่ายสาธารณูปโภค,2469/66,ไฟฟ้า,ซ่อมแซมไฟฟ้าชำรุด,เขต 4,ไม่ระบุ,15/02/2566,01/04/2566,ประเมินผลเสร็จสิ้น,,,,,
ส่วนการโยธา,ฝ่ายสาธารณูปโภค,2712/66,ไฟฟ้า,ซ่อมแซมไฟฟ้าชำรุด,เขต 4,สามเหลี่ยม  1,28/02/2566,08/03/2566,ประเมินผลเสร็จสิ้น,,,,,
ส่วนการโยธา,ฝ่ายสาธารณูปโภค,2715/66,ไฟฟ้า,ซ่อมแซมไฟฟ้าชำรุด,เขต 3,โนนทัน 6,28/02/2566,07/03/2566,ประเมินผลเสร็จสิ้น,,,,,
ส่วนการโยธา,ฝ่ายสาธารณูปโภค,2773/66,ถนน,งานซ่อมแซมและบำรุงรักษาถนนและสะพาน,เขต 3,โนนหนองวัด 3,03/03/2566,18/04/2566,ประเมินผลเสร็จสิ้น,,,,,
ส่วนการโยธา,ฝ่ายสาธารณูปโภค,2984/66,ถนน,งานซ่อมแซมและบำรุงรักษาถนนและสะพาน,เขต 2,คุ้มพระลับ,15/03/2566,29/04/2566,ประเมินผลเสร็จสิ้น,,,,,
ส่วนการโยธา,ฝ่ายวิศวกรรมจราจร,3057/66,วิศวกรรมจราจร,ป้ายซอย,เขต 4,สามเหลี่ยม  5,20/03/2566,04/05/2566,ประเมินผลเสร็จสิ้น,,,,,
ส่วนการโยธา,ฝ่ายศูนย์เครื่องจักรกล,3269/66,งานศูนย์เครื่องจักรกล,เครื่องออกกำลังกายกลางแจ้ง,เขต 3,โนนทัน 7,29/03/2566,13/05/2566,ประเมินผลเสร็จสิ้น,,,,,
ส่วนควบคุมการก่อสร้างอาคารและผังเมือง,ฝ่ายงานควบคุมอาคารและผังเมือง,3360/66,งานอาคาร,งานอาคารใหม่ 1,ไม่ระบุ,ไม่ระบุ,03/04/2566,21/05/2566,ประเมินผลเสร็จสิ้น,,,,,
ส่วนการโยธา,ฝ่ายสาธารณูปโภค,3633/66,ไฟฟ้า,ซ่อมแซมไฟฟ้าชำรุด,เขต 4,หนองแวงตราชู 1,25/04/2566,02/05/2566,ประเมินผลเสร็จสิ้น,,,,,
ส่วนการโยธา,ฝ่ายสาธารณูปโภค,3740/66,ถนน,งานซ่อมแซมและบำรุงรักษาถนนและสะพาน,เขต 4,คุ้มวัดป่าอดุลยาราม,28/04/2566,12/06/2566,ประเมินผลเสร็จสิ้น,,,,,
ส่วนการโยธา,ฝ่ายสาธารณูปโภค,4060/66,ไฟฟ้า,ซ่อมแซมไฟฟ้าชำรุด,เขต 4,ศรีฐาน 2,15/05/2566,25/05/2566,ประเมินผลเสร็จสิ้น,,,,,
ส่วนการโยธา,ฝ่ายสาธารณูปโภค,4340/66,ไฟฟ้า,ซ่อมแซมไฟฟ้าชำรุด,เขต 3,หนองแวงเมืองเก่า4,26/05/2566,02/06/2566,ประเมินผลเสร็จสิ้น,,,,,
ส่วนช่างสุขาภิบาล,ฝ่ายจัดการคุณภาพน้ำ,4548/66,ท่อระบายน้ำ,ฝาท่อระบายน้ำ,ไม่ระบุ,ไม่ระบุ,06/06/2566,24/07/2566,ประเมินผลเสร็จสิ้น,,,,,
ส่วนการโยธา,ฝ่ายสาธารณูปโภค,4776/66,ไฟฟ้า,ซ่อมแซมไฟฟ้าชำรุด,เขต 3,กศน.,13/06/2566,21/06/2566,ประเมินผลเสร็จสิ้น,,,,,
ส่วนการโยธา,ฝ่ายสาธารณูปโภค,4778/66,ถนน,งานซ่อมแซมและบำรุงรักษาถนนและสะพาน,เขต 1,ไม่ระบุ,13/06/2566,31/07/2566,ประเมินผลเสร็จสิ้น,,,,,
ส่วนการโยธา,ฝ่ายสาธารณูปโภค,4859/66,ไฟฟ้า,ซ่อมแซมไฟฟ้าชำรุด,เขต 1,ไม่ระบุ,15/06/2566,26/06/2566,ประเมินผลเสร็จสิ้น,,,,,
ส่วนช่างสุขาภิบาล,ฝ่ายจัดการคุณภาพน้ำ,5295/66,ท่อระบายน้ำ,ฝาท่อระบายน้ำ,ไม่ระบุ,ไม่ระบุ,06/07/2566,22/08/2566,ประเมินผลเสร็จสิ้น,,,,,
ส่วนการโยธา,ฝ่ายสาธารณูปโภค,5500/66,ไฟฟ้า,ซ่อมแซมไฟฟ้าชำรุด,เขต 4,ไม่ระบุ,17/07/2566,01/09/2566,ประเมินผลเสร็จสิ้น,,,,,
ส่วนการโยธา,ฝ่ายสาธารณูปโภค,5701/66,ไฟฟ้า,ซ่อมแซมไฟฟ้าชำรุด,เขต 3,ไม่ระบุ,24/07/2566,31/07/2566,ประเมินผลเสร็จสิ้น,,,,,
ส่วนช่างสุขาภิบาล,ฝ่ายจัดการคุณภาพน้ำ,5742/66,ท่อระบายน้ำ,ฝาท่อระบายน้ำ,ไม่ระบุ,ไม่ระบุ,25/07/2566,09/09/2566,ประเมินผลเสร็จสิ้น,,,,,
ส่วนการโยธา,ฝ่ายสาธารณูปโภค,5915/66,ไฟฟ้า,ย้ายเสาไฟฟ้า/ขอเสาไฟฟ้า/เสาไฟเอียง,เขต 1,โนนชัย 3,03/08/2566,14/08/2566,ประเมินผลเสร็จสิ้น,,,,,
ส่วนการโยธา,ฝ่ายสาธารณูปโภค,6016/66,ไฟฟ้า,ซ่อมแซมไฟฟ้าชำรุด,เขต 3,หนองแวงเมืองเก่า3,07/08/2566,16/08/2566,ประเมินผลเสร็จสิ้น,,,,,
ส่วนการโยธา,ฝ่ายสาธารณูปโภค,6096/66,ไฟฟ้า,ซ่อมแซมไฟฟ้าชำรุด,เขต 3,ไม่ระบุ,10/08/2566,17/08/2566,ประเมินผลเสร็จสิ้น,,,,,
ส่วนช่างสุขาภิบาล,ฝ่ายจัดการคุณภาพน้ำ,6135/66,ท่อระบายน้ำ,ฝาท่อระบายน้ำ,ไม่ระบุ,ไม่ระบุ,15/08/2566,02/10/2566,ประเมินผลเสร็จสิ้น,,,,,
ส่วนการโยธา,ฝ่ายสวนสาธารณะ,6393/66,งานตัดกิ่งไม้และเกาะกลางถนน,ตัดกิ่งไม้และเกาะกลางถนน,เขต 2,บะขาม,24/08/2566,09/10/2566,ประเมินผลเสร็จสิ้น,,,,,
ส่วนช่างสุขาภิบาล,ฝ่ายจัดการคุณภาพน้ำ,6484/66,ท่อระบายน้ำ,ฝาท่อระบายน้ำ,ไม่ระบุ,ไม่ระบุ,29/08/2566,13/10/2566,ประเมินผลเสร็จสิ้น,,,,,
ส่วนการโยธา,ฝ่ายสาธารณูปโภค,6588/66,ไฟฟ้า,ซ่อมแซมไฟฟ้าชำรุด,เขต 4,ไม่ระบุ,04/09/2566,11/09/2566,ประเมินผลเสร็จสิ้น,,,,,
ส่วนควบคุมการก่อสร้างอาคารและผังเมือง,ฝ่ายงานควบคุมอาคารและผังเมือง,6973/66,งานอาคาร,งานอาคารใหม่ 1,ไม่ระบุ,ไม่ระบุ,22/09/2566,06/11/2566,ประเมินผลเสร็จสิ้น,,,,,
ส่วนการโยธา,ฝ่ายสาธารณูปโภค,7044/66,ถนน,งานซ่อมแซมและบำรุงรักษาถนนและสะพาน,เขต 1,ไม่ระบุ,25/09/2566,09/11/2566,ประเมินผลเสร็จสิ้น,,,,,
ส่วนการโยธา,ฝ่ายสาธารณูปโภค,80/67,ไฟฟ้า,ซ่อมแซมไฟฟ้าชำรุด,เขต 1,ดอนหญ้านาง 1,03/10/2566,11/10/2566,ประเมินผลเสร็จสิ้น,,,,,
ส่วนการโยธา,ฝ่ายวิศวกรรมจราจร,321/67,วิศวกรรมจราจร,ทาสีตีเส้นจราจร/ยางชะลอความเร็ว/ยางมะตอย,เขต 2,หลักเมือง,12/10/2566,26/11/2566,ประเมินผลเสร็จสิ้น,,,,,
ส่วนการโยธา,ฝ่ายสวนสาธารณะ,362/67,งานตัดกิ่งไม้และเกาะกลางถนน,ตัดกิ่งไม้และเกาะกลางถนน,เขต 4,หนองแวงตราชู 1,16/10/2566,25/10/2566,ประเมินผลเสร็จสิ้น,,,,,
ส่วนการโยธา,ฝ่ายสวนสาธารณะ,480/67,งานตัดกิ่งไม้และเกาะกลางถนน,ตัดกิ่งไม้และเกาะกลางถนน,เขต 2,ทุ่งสร้างพัฒนา,17/10/2566,01/12/2566,ประเมินผลเสร็จสิ้น,,,,,
ส่วนช่างสุขาภิบาล,ฝ่ายจัดการคุณภาพน้ำ,521/67,ท่อระบายน้ำ,ดูด/ลอก ท่อระบายน้ำ,ไม่ระบุ,ไม่ระบุ,18/10/2566,02/12/2566,ประเมินผลเสร็จสิ้น,,,,,
ส่วนการโยธา,ฝ่ายสาธารณูปโภค,543/67,ไฟฟ้า,ซ่อมแซมไฟฟ้าชำรุด,เขต 1,เจ้าพ่อทองสุข,19/10/2566,31/10/2566,ประเมินผลเสร็จสิ้น,,,,,
ส่วนควบคุมการก่อสร้างอาคารและผังเมือง,ฝ่ายงานควบคุมอาคารและผังเมือง,555/67,งานอาคาร,งานอาคารใหม่ 1,ไม่ระบุ,ไม่ระบุ,19/10/2566,04/12/2566,ประเมินผลเสร็จสิ้น,,,,,
ส่วนการโยธา,ฝ่ายสาธารณูปโภค,819/67,ถนน,งานซ่อมแซมและบำรุงรักษาถนนและสะพาน,เขต 4,คุ้มวัดป่าอดุลยาราม,01/11/2566,16/12/2566,ประเมินผลเสร็จสิ้น,,,,,
ส่วนการโยธา,ฝ่ายสาธารณูปโภค,1035/67,ไฟฟ้า,ซ่อมแซมไฟฟ้าชำรุด,เขต 3,ไม่ระบุ,09/11/2566,17/11/2566,ประเมินผลเสร็จสิ้น,,,,,
ส่วนการโยธา,ฝ่ายสาธารณูปโภค,1064/67,ไฟฟ้า,ซ่อมแซมไฟฟ้าชำรุด,เขต 3,คุ้มวัดกลาง,10/11/2566,26/11/2566,ประเมินผลเสร็จสิ้น,,,,,
ส่วนช่างสุขาภิบาล,ฝ่ายจัดการคุณภาพน้ำ,1422/67,ท่อระบายน้ำ,ดูด/ลอก ท่อระบายน้ำ,เขต 4,สามเหลี่ยม  1,29/11/2566,16/01/2567,ประเมินผลเสร็จสิ้น,,,,,
ส่วนช่างสุขาภิบาล,ฝ่ายจัดการคุณภาพน้ำ,1423/67,ท่อระบายน้ำ,ฝาท่อระบายน้ำ,ไม่ระบุ,ไม่ระบุ,29/11/2566,15/01/2567,ประเมินผลเสร็จสิ้น,,,,,
ส่วนการโยธา,ฝ่ายสวนสาธารณะ,1463/67,งานตัดกิ่งไม้และเกาะกลางถนน,ตัดกิ่งไม้และเกาะกลางถนน,เขต 2,หน้า ร.พ.ศูนย์,01/12/2566,02/03/2567,ประเมินผลเสร็จสิ้น,,,,,
ส่วนการโยธา,ฝ่ายสาธารณูปโภค,1501/67,ไฟฟ้า,ซ่อมแซมไฟฟ้าชำรุด,เขต 1,โนนชัย 1,04/12/2566,11/12/2566,ประเมินผลเสร็จสิ้น,,,,,
ส่วนการโยธา,ฝ่ายวิศวกรรมจราจร,1592/67,วิศวกรรมจราจร,ยางชะลอความเร็ว,เขต 2,ศิริมงคล,08/12/2566,22/01/2567,ประเมินผลเสร็จสิ้น,,,,,
ส่วนการโยธา,ฝ่ายสวนสาธารณะ,1676/67,งานตัดกิ่งไม้และเกาะกลางถนน,ตัดกิ่งไม้และเกาะกลางถนน,เขต 2,ทุ่งเศรษฐี,12/12/2566,28/01/2567,ประเมินผลเสร็จสิ้น,,,,,
ส่วนช่างสุขาภิบาล,ฝ่ายจัดการคุณภาพน้ำ,1771/67,ท่อระบายน้ำ,ฝาท่อระบายน้ำ,ไม่ระบุ,ไม่ระบุ,15/12/2566,01/02/2567,ประเมินผลเสร็จสิ้น,,,,,
ส่วนช่างสุขาภิบาล,ฝ่ายจัดการคุณภาพน้ำ,1774/67,ท่อระบายน้ำ,ฝาท่อระบายน้ำ,ไม่ระบุ,ไม่ระบุ,15/12/2566,01/02/2567,ประเมินผลเสร็จสิ้น,,,,,
ส่วนการโยธา,ฝ่ายสาธารณูปโภค,1800/67,ไฟฟ้า,ซ่อมแซมไฟฟ้าชำรุด,เขต 4,ไม่ระบุ,18/12/2566,25/12/2566,ประเมินผลเสร็จสิ้น,,,,,
ส่วนการโยธา,ฝ่ายสาธารณูปโภค,1849/67,ถนน,งานซ่อมแซมและบำรุงรักษาถนนและสะพาน,เขต 2,คุ้มพระลับ,20/12/2566,03/02/2567,ประเมินผลเสร็จสิ้น,,,,,
ส่วนการโยธา,ฝ่ายสาธารณูปโภค,1868/67,ไฟฟ้า,ซ่อมแซมไฟฟ้าชำรุด,เขต 3,หลังสนามกีฬา 1,20/12/2566,27/12/2566,ประเมินผลเสร็จสิ้น,,,,,
ส่วนการโยธา,ฝ่ายสาธารณูปโภค,1935/67,ถนน,งานซ่อมแซมและบำรุงรักษาถนนและสะพาน,เขต 1,พัฒนาเทพารักษ์,22/12/2566,08/02/2567,ประเมินผลเสร็จสิ้น,,,,,
ส่วนการโยธา,ฝ่ายสาธารณูปโภค,2058/67,ถนน,งานซ่อมแซมและบำรุงรักษาถนนและสะพาน,เขต 4,ไม่ระบุ,02/01/2567,13/04/2567,อยู่ระหว่างการติดตาม,,,,,
ส่วนการโยธา,ฝ่ายสาธารณูปโภค,2246/67,ไฟฟ้า,ซ่อมแซมไฟฟ้าชำรุด,เขต 3,หลังสนามกีฬา 1,11/01/2567,21/01/2567,ประเมินผลเสร็จสิ้น,,,,,
ส่วนการโยธา,ฝ่ายวิศวกรรมจราจร,2260/67,วิศวกรรมจราจร,กระจกนูน,เขต 2,ศรีจันทร์ประชาฯ,12/01/2567,26/02/2567,ประเมินผลเสร็จสิ้น,,,,,
ส่วนการโยธา,ฝ่ายสาธารณูปโภค,2311/67,ไฟฟ้า,ซ่อมแซมไฟฟ้าชำรุด,เขต 1,ไม่ระบุ,16/01/2567,23/01/2567,ประเมินผลเสร็จสิ้น,,,,,
ส่วนการโยธา,ฝ่ายสาธารณูปโภค,2316/67,ไฟฟ้า,ซ่อมแซมไฟฟ้าชำรุด,เขต 4,หนองแวงตราชู 3,16/01/2567,23/01/2567,ประเมินผลเสร็จสิ้น,,,,,
ส่วนการโยธา,ฝ่ายสาธารณูปโภค,2377/67,ไฟฟ้า,ซ่อมแซมไฟฟ้าชำรุด,เขต 4,ศรีฐาน 1,18/01/2567,25/01/2567,ประเมินผลเสร็จสิ้น,,,,,
ส่วนการโยธา,ฝ่ายสาธารณูปโภค,2450/67,ไฟฟ้า,ซ่อมแซมไฟฟ้าชำรุด,เขต 2,หนองใหญ่ 1,22/01/2567,29/01/2567,ประเมินผลเสร็จสิ้น,,,,,
ส่วนช่างสุขาภิบาล,ฝ่ายจัดการคุณภาพน้ำ,2548/67,ท่อระบายน้ำ,ฝาท่อระบายน้ำ,ไม่ระบุ,ไม่ระบุ,25/01/2567,14/03/2567,ประเมินผลเสร็จสิ้น,,,,,
ส่วนการโยธา,ฝ่ายสาธารณูปโภค,2603/67,งานสถานที่,ยืมเต็นท์/โต๊ะ/เก้าอี้,เขต 3,ไม่ระบุ,29/01/2567,05/02/2567,ประเมินผลเสร็จสิ้น,,,,,
ส่วนการโยธา,ฝ่ายสาธารณูปโภค,2789/67,ถนน,งานซ่อมแซมและบำรุงรักษาถนนและสะพาน,เขต 2,ไม่ระบุ,07/02/2567,23/03/2567,ประเมินผลเสร็จสิ้น,,,,,
ส่วนช่างสุขาภิบาล,ฝ่ายจัดการคุณภาพน้ำ,3007/67,ท่อระบายน้ำ,ฝาท่อระบายน้ำ,เขต 3,ไม่ระบุ,19/02/2567,07/04/2567,ประเมินผลเสร็จสิ้น,,,,,
ส่วนการโยธา,ฝ่ายสาธารณูปโภค,3022/67,ไฟฟ้า,ซ่อมแซมไฟฟ้าชำรุด,เขต 4,ไม่ระบุ,20/02/2567,06/03/2567,ประเมินผลเสร็จสิ้น,,,,,
ส่วนการโยธา,ฝ่ายสวนสาธารณะ,3072/67,งานตัดกิ่งไม้และเกาะกลางถนน,ตัดกิ่งไม้และเกาะกลางถนน,เขต 2,ไม่ระบุ,21/02/2567,06/04/2567,ประเมินผลเสร็จสิ้น,,,,,
ส่วนช่างสุขาภิบาล,ฝ่ายจัดการคุณภาพน้ำ,3084/67,ท่อระบายน้ำ,ฝาท่อระบายน้ำ,ไม่ระบุ,ไม่ระบุ,22/02/2567,12/04/2567,ประเมินผลเสร็จสิ้น,,,,,
ส่วนการโยธา,ฝ่ายสาธารณูปโภค,3165/67,ไฟฟ้า,ซ่อมแซมไฟฟ้าชำรุด,เขต 3,คุ้มวัดกลาง,27/02/2567,06/03/2567,ประเมินผลเสร็จสิ้น,,,,,
ส่วนการโยธา,ฝ่ายสาธารณูปโภค,3199/67,ไฟฟ้า,ซ่อมแซมไฟฟ้าชำรุด,เขต 4,ไม่ระบุ,28/02/2567,06/03/2567,ประเมินผลเสร็จสิ้น,,,,,
ส่วนการโยธา,ฝ่ายสาธารณูปโภค,3434/67,ไฟฟ้า,ซ่อมแซมไฟฟ้าชำรุด,เขต 4,ศรีฐาน 2,11/03/2567,19/03/2567,ประเมินผลเสร็จสิ้น,,,,,
ส่วนช่างสุขาภิบาล,ฝ่ายจัดการคุณภาพน้ำ,3843/67,ท่อระบายน้ำ,ดูด/ลอก ท่อระบายน้ำ,เขต 3,คุ้มวัดกลาง,29/03/2567,13/05/2567,ประเมินผลเสร็จสิ้น,,,,,
ส่วนการโยธา,ฝ่ายสาธารณูปโภค,3869/67,ไฟฟ้า,ซ่อมแซมไฟฟ้าชำรุด,เขต 2,หนองใหญ่ 2,01/04/2567,08/04/2567,ประเมินผลเสร็จสิ้น,,,,,
ส่วนการโยธา,ฝ่ายสาธารณูปโภค,4006/67,ไฟจราจร,ซ่อมแซมไฟจราจร,เขต 4,ไม่ระบุ,09/04/2567,16/04/2567,ประเมินผลเสร็จสิ้น,,,,,
ส่วนการโยธา,ฝ่ายสาธารณูปโภค,4032/67,ไฟฟ้า,ซ่อมแซมไฟฟ้าชำรุด,เขต 3,โนนทัน 7,11/04/2567,28/04/2567,ประเมินผลเสร็จสิ้น,,,,,
ส่วนช่างสุขาภิบาล,ฝ่ายจัดการคุณภาพน้ำ,4069/67,ท่อระบายน้ำ,ฝาท่อระบายน้ำ,ไม่ระบุ,ไม่ระบุ,17/04/2567,06/06/2567,ประเมินผลเสร็จสิ้น,,,,,
ส่วนการโยธา,ฝ่ายสาธารณูปโภค,4089/67,ไฟฟ้า,ซ่อมแซมไฟฟ้าชำรุด,เขต 4,หนองแวงตราชู 2,18/04/2567,27/04/2567,ประเมินผลเสร็จสิ้น,,,,,
ส่วนการโยธา,ฝ่ายวิศวกรรมจราจร,4091/67,วิศวกรรมจราจร,กระจกนูน,เขต 2,ทุ่งสร้างพัฒนา,18/04/2567,02/06/2567,ประเมินผลเสร็จสิ้น,,,,,
ส่วนการโยธา,ฝ่ายสาธารณูปโภค,4263/67,ไฟฟ้า,ซ่อมแซมไฟฟ้าชำรุด,เขต 1,ไม่ระบุ,26/04/2567,05/05/2567,ประเมินผลเสร็จสิ้น,,,,,
ส่วนการโยธา,ฝ่ายสาธารณูปโภค,5020/67,ถนน,งานซ่อมแซมและบำรุงรักษาถนนและสะพาน,เขต 4,หนองแวงตราชู 1,27/05/2567,11/06/2567,ประเมินผลเสร็จสิ้น,,,,,
ส่วนการโยธา,ฝ่ายสาธารณูปโภค,5052/67,ไฟฟ้า,ซ่อมแซมไฟฟ้าชำรุด,ไม่ระบุ,ไม่ระบุ,28/05/2567,04/06/2567,ประเมินผลเสร็จสิ้น,,,,,
ส่วนการโยธา,ฝ่ายสวนสาธารณะ,5204/67,งานตัดกิ่งไม้และเกาะกลางถนน,ตัดกิ่งไม้และเกาะกลางถนน,เขต 2,ศิริมงคล,01/06/2567,22/06/2567,ประเมินผลเสร็จสิ้น,,,,,
ส่วนช่างสุขาภิบาล,ฝ่ายจัดการคุณภาพน้ำ,5253/67,ท่อระบายน้ำ,ฝาท่อระบายน้ำ,ไม่ระบุ,ไม่ระบุ,04/06/2567,20/07/2567,ประเมินผลเสร็จสิ้น,,,,,
ส่วนการโยธา,ฝ่ายวิศวกรรมจราจร,5367/67,วิศวกรรมจราจร,กระจกนูน,เขต 2,นาคะประเวศน์,06/06/2567,21/07/2567,ประเมินผลเสร็จสิ้น,,,,,
ส่วนการโยธา,ฝ่ายสาธารณูปโภค,5395/67,ไฟฟ้า,ซ่อมแซมไฟฟ้าชำรุด,เขต 4,สามเหลี่ยม  1,07/06/2567,17/06/2567,ประเมินผลเสร็จสิ้น,,,,,
ส่วนการโยธา,ฝ่ายสวนสาธารณะ,5569/67,งานตัดกิ่งไม้และเกาะกลางถนน,ตัดกิ่งไม้และเกาะกลางถนน,เขต 1,ดอนหญ้านาง 3,17/06/2567,02/08/2567,ประเมินผลเสร็จสิ้น,,,,,
ส่วนการโยธา,ฝ่ายสาธารณูปโภค,5682/67,ไฟฟ้า,ซ่อมแซมไฟฟ้าชำรุด,เขต 3,โนนทัน 7,20/06/2567,28/06/2567,ประเมินผลเสร็จสิ้น,,,,,
ส่วนการโยธา,ฝ่ายสาธารณูปโภค,5708/67,ไฟฟ้า,ซ่อมแซมไฟฟ้าชำรุด,เขต 2,ไม่ระบุ,21/06/2567,28/06/2567,ประเมินผลเสร็จสิ้น,,,,,
ส่วนช่างสุขาภิบาล,ฝ่ายจัดการคุณภาพน้ำ,5745/67,ท่อระบายน้ำ,ฝาท่อระบายน้ำ,ไม่ระบุ,ไม่ระบุ,24/06/2567,11/08/2567,ประเมินผลเสร็จสิ้น,,,,,
ส่วนการโยธา,ฝ่ายสาธารณูปโภค,5757/67,ไฟฟ้า,ซ่อมแซมไฟฟ้าชำรุด,เขต 3,โนนหนองวัด 4,24/06/2567,02/07/2567,ประเมินผลเสร็จสิ้น,,,,,
ส่วนการโยธา,ฝ่ายสาธารณูปโภค,5991/67,ไฟฟ้า,ซ่อมแซมไฟฟ้าชำรุด,เขต 2,ศรีจันทร์พัฒนา,03/07/2567,11/07/2567,ประเมินผลเสร็จสิ้น,,,,,
ส่วนการโยธา,ฝ่ายสาธารณูปโภค,6041/67,ไฟฟ้า,ซ่อมแซมไฟฟ้าชำรุด,เขต 3,โนนทัน 1,08/07/2567,15/07/2567,ประเมินผลเสร็จสิ้น,,,,,
ส่วนการโยธา,ฝ่ายสาธารณูปโภค,6086/67,ถนน,งานซ่อมแซมและบำรุงรักษาถนนและสะพาน,เขต 1,เทพารักษ์ตอน 3,08/07/2567,23/08/2567,ประเมินผลเสร็จสิ้น,,,,,
ส่วนการโยธา,ฝ่ายสาธารณูปโภค,6271/67,ไฟฟ้า,ซ่อมแซมไฟฟ้าชำรุด,เขต 4,ไม่ระบุ,17/07/2567,25/07/2567,ประเมินผลเสร็จสิ้น,,,,,
ส่วนการโยธา,ฝ่ายสาธารณูปโภค,6321/67,ไฟฟ้า,ซ่อมแซมไฟฟ้าชำรุด,เขต 1,ไม่ระบุ,18/07/2567,25/07/2567,ประเมินผลเสร็จสิ้น,,,,,
ส่วนการโยธา,ฝ่ายสาธารณูปโภค,6335/67,ไฟฟ้า,ซ่อมแซมไฟฟ้าชำรุด,เขต 1,โนนชัย 3,19/07/2567,28/07/2567,ประเมินผลเสร็จสิ้น,,,,,
ส่วนการโยธา,ฝ่ายสาธารณูปโภค,6336/67,ไฟฟ้า,ซ่อมแซมไฟฟ้าชำรุด,เขต 4,ไม่ระบุ,19/07/2567,26/07/2567,ประเมินผลเสร็จสิ้น,,,,,
ส่วนการโยธา,ฝ่ายสาธารณูปโภค,6444/67,ไฟฟ้า,ซ่อมแซมไฟฟ้าชำรุด,เขต 2,ไม่ระบุ,23/07/2567,31/07/2567,ประเมินผลเสร็จสิ้น,,,,,
ส่วนการโยธา,ฝ่ายสาธารณูปโภค,6493/67,ไฟฟ้า,ซ่อมแซมไฟฟ้าชำรุด,เขต 4,ศรีฐาน 2,25/07/2567,02/08/2567,ประเมินผลเสร็จสิ้น,,,,,
ส่วนช่างสุขาภิบาล,ฝ่ายจัดการคุณภาพน้ำ,6576/67,ท่อระบายน้ำ,ฝาท่อระบายน้ำ,ไม่ระบุ,ไม่ระบุ,26/07/2567,12/09/2567,ประเมินผลเสร็จสิ้น,,,,,
ส่วนช่างสุขาภิบาล,ฝ่ายจัดการคุณภาพน้ำ,6702/67,ท่อระบายน้ำ,ฝาท่อระบายน้ำ,เขต 3,ไม่ระบุ,31/07/2567,19/09/2567,ประเมินผลเสร็จสิ้น,,,,,
ส่วนการโยธา,ฝ่ายสาธารณูปโภค,6707/67,ไฟฟ้า,ซ่อมแซมไฟฟ้าชำรุด,เขต 2,หนองใหญ่ 4,01/08/2567,08/08/2567,ประเมินผลเสร็จสิ้น,,,,,
ส่วนการโยธา,ฝ่ายสาธารณูปโภค,6714/67,ไฟฟ้า,ซ่อมแซมไฟฟ้าชำรุด,เขต 2,หนองใหญ่ 4,01/08/2567,08/08/2567,ประเมินผลเสร็จสิ้น,,,,,
ส่วนการโยธา,ฝ่ายสาธารณูปโภค,6844/67,ไฟฟ้า,ติดตั้งโคมไฟฟ้า,เขต 4,สามเหลี่ยม  1,06/08/2567,21/09/2567,ประเมินผลเสร็จสิ้น,,,,,
ส่วนช่างสุขาภิบาล,ฝ่ายจัดการคุณภาพน้ำ,6879/67,ท่อระบายน้ำ,ดูด/ลอก ท่อระบายน้ำ,ไม่ระบุ,ไม่ระบุ,07/08/2567,21/09/2567,ประเมินผลเสร็จสิ้น,,,,,
ส่วนการโยธา,ฝ่ายสาธารณูปโภค,6965/67,ไฟฟ้า,ซ่อมแซมไฟฟ้าชำรุด,เขต 2,ซอยธารทิพย์,13/08/2567,20/08/2567,ประเมินผลเสร็จสิ้น,,,,,
ส่วนช่างสุขาภิบาล,ฝ่ายจัดการคุณภาพน้ำ,6997/67,ท่อระบายน้ำ,ฝาท่อระบายน้ำ,ไม่ระบุ,ไม่ระบุ,13/08/2567,02/10/2567,ประเมินผลเสร็จสิ้น,,,,,
ส่วนการโยธา,ฝ่ายสาธารณูปโภค,7175/67,ไฟฟ้า,ซ่อมแซมไฟฟ้าชำรุด,เขต 4,หนองแวงตราชู 1,20/08/2567,27/08/2567,ประเมินผลเสร็จสิ้น,,,,,
ส่วนช่างสุขาภิบาล,ฝ่ายจัดการคุณภาพน้ำ,7222/67,ท่อระบายน้ำ,ฝาท่อระบายน้ำ,เขต 1,เทพารักษ์ตอน 5,22/08/2567,,ส่งต่อหน่วยงานอื่น,,,,,
ส่วนการโยธา,ฝ่ายวิศวกรรมจราจร,7250/67,วิศวกรรมจราจร,สัญญาณไฟกระพริบ,เขต 3,โนนทัน 1,23/08/2567,10/10/2567,ประเมินผลเสร็จสิ้น,,,,,
ส่วนการโยธา,ฝ่ายสาธารณูปโภค,7365/67,ไฟฟ้า,ซ่อมแซมไฟฟ้าชำรุด,เขต 3,โนนทัน 4,29/08/2567,05/09/2567,ประเมินผลเสร็จสิ้น,,,,,
ส่วนช่างสุขาภิบาล,ฝ่ายจัดการคุณภาพน้ำ,7407/67,ท่อระบายน้ำ,ดูด/ลอก ท่อระบายน้ำ,ไม่ระบุ,ไม่ระบุ,30/08/2567,30/01/2568,ส่งต่อหน่วยงานอื่น,,,,,
ส่วนช่างสุขาภิบาล,ฝ่ายจัดการคุณภาพน้ำ,7542/67,ท่อระบายน้ำ,ดูด/ลอก ท่อระบายน้ำ,ไม่ระบุ,ไม่ระบุ,05/09/2567,20/10/2567,ประเมินผลเสร็จสิ้น,,,,,
ส่วนการโยธา,ฝ่ายสาธารณูปโภค,7617/67,ไฟฟ้า,ซ่อมแซมไฟฟ้าชำรุด,เขต 1,ไม่ระบุ,09/09/2567,16/09/2567,ประเมินผลเสร็จสิ้น,,,,,
ส่วนการโยธา,ฝ่ายสวนสาธารณะ,7656/67,งานสวนสาธารณะ ,สวนสาธารณะ,ไม่ระบุ,ไม่ระบุ,10/09/2567,18/09/2567,ประเมินผลเสร็จสิ้น,,,,,
ส่วนช่างสุขาภิบาล,ฝ่ายจัดการคุณภาพน้ำ,7674/67,ท่อระบายน้ำ,ฝาท่อระบายน้ำ,ไม่ระบุ,ไม่ระบุ,11/09/2567,31/10/2567,ประเมินผลเสร็จสิ้น,,,,,
ส่วนช่างสุขาภิบาล,ฝ่ายจัดการคุณภาพน้ำ,7680/67,ท่อระบายน้ำ,ฝาท่อระบายน้ำ,ไม่ระบุ,ไม่ระบุ,11/09/2567,31/10/2567,ประเมินผลเสร็จสิ้น,,,,,
ส่วนการโยธา,ฝ่ายวิศวกรรมจราจร,7935/67,วิศวกรรมจราจร,สัญญาณไฟกระพริบ,เขต 4,หนองแวงตราชู 1,19/09/2567,03/11/2567,ประเมินผลเสร็จสิ้น,,,,,
ส่วนการโยธา,ฝ่ายสาธารณูปโภค,8015/67,ไฟฟ้า,ซ่อมแซมไฟฟ้าชำรุด,เขต 3,โนนทัน 3,23/09/2567,30/09/2567,ประเมินผลเสร็จสิ้น,,,,,
ส่วนการโยธา,ฝ่ายสวนสาธารณะ,105/68,งานตัดกิ่งไม้และเกาะกลางถนน,ตัดกิ่งไม้และเกาะกลางถนน,เขต 4,ศรีฐาน 1,03/10/2567,29/12/2567,ประเมินผลเสร็จสิ้น,,,,,
ส่วนการโยธา,ฝ่ายสาธารณูปโภค,129/68,ไฟฟ้า,ซ่อมแซมไฟฟ้าชำรุด,เขต 1,เทพารักษ์ตอน 3,04/10/2567,11/10/2567,ประเมินผลเสร็จสิ้น,,,,,
ส่วนการโยธา,ฝ่ายสาธารณูปโภค,133/68,ไฟฟ้า,ซ่อมแซมไฟฟ้าชำรุด,เขต 3,หนองแวงเมืองเก่า1,04/10/2567,11/10/2567,ประเมินผลเสร็จสิ้น,,,,,
ส่วนการโยธา,ฝ่ายสาธารณูปโภค,294/68,ไฟฟ้า,ซ่อมแซมไฟฟ้าชำรุด,เขต 2,หนองใหญ่ 3,10/10/2567,18/10/2567,ประเมินผลเสร็จสิ้น,,,,,
ส่วนการโยธา,ฝ่ายสาธารณูปโภค,296/68,ถนน,เชื่อมทาง,เขต 2,ศรีจันทร์พัฒนา,10/10/2567,27/11/2567,ประเมินผลเสร็จสิ้น,,,,,
ส่วนการโยธา,ฝ่ายสาธารณูปโภค,332/68,ไฟฟ้า,ติดตั้งโคมไฟฟ้า,เขต 4,ไม่ระบุ,15/10/2567,01/12/2567,ประเมินผลเสร็จสิ้น,,,,,
ส่วนการโยธา,ฝ่ายสาธารณูปโภค,757/68,ถนน,งานซ่อมแซมและบำรุงรักษาถนนและสะพาน,เขต 1,หลังศูนย์ราชการ 1,04/11/2567,19/12/2567,ประเมินผลเสร็จสิ้น,,,,,
ส่วนการโยธา,ฝ่ายสาธารณูปโภค,762/68,ไฟฟ้า,ซ่อมแซมไฟฟ้าชำรุด,เขต 1,ไม่ระบุ,04/11/2567,11/11/2567,ประเมินผลเสร็จสิ้น,,,,,
ส่วนการโยธา,ฝ่ายสาธารณูปโภค,799/68,ไฟฟ้า,ซ่อมแซมไฟฟ้าชำรุด,เขต 3,โนนทัน 6,05/11/2567,12/11/2567,ประเมินผลเสร็จสิ้น,,,,,
ส่วนการโยธา,ฝ่ายสาธารณูปโภค,848/68,ไฟฟ้า,ซ่อมแซมไฟฟ้าชำรุด,เขต 3,หนองแวงเมืองเก่า4,07/11/2567,14/11/2567,ประเมินผลเสร็จสิ้น,,,,,
ส่วนการโยธา,ฝ่ายสาธารณูปโภค,1143/68,ถนน,งานซ่อมแซมและบำรุงรักษาถนนและสะพาน,เขต 3,หนองแวงเมืองเก่า2,21/11/2567,30/11/2567,ประเมินผลเสร็จสิ้น,,,,,
ส่วนการโยธา,ฝ่ายสาธารณูปโภค,1272/68,ไฟฟ้า,ซ่อมแซมไฟฟ้าชำรุด,เขต 3,หลังสนามกีฬา 2,28/11/2567,05/12/2567,ประเมินผลเสร็จสิ้น,,,,,
ส่วนการโยธา,ฝ่ายสวนสาธารณะ,1354/68,งานตัดกิ่งไม้และเกาะกลางถนน,ตัดกิ่งไม้และเกาะกลางถนน,เขต 3,แก่นนคร,02/12/2567,18/12/2567,ประเมินผลเสร็จสิ้น,,,,,
ส่วนการโยธา,ฝ่ายสาธารณูปโภค,1407/68,ไฟฟ้า,ซ่อมแซมไฟฟ้าชำรุด,เขต 3,โนนทัน 4,04/12/2567,11/12/2567,ประเมินผลเสร็จสิ้น,,,,,
ส่วนช่างสุขาภิบาล,ฝ่ายจัดการคุณภาพน้ำ,1466/68,ท่อระบายน้ำ,ฝาท่อระบายน้ำ,ไม่ระบุ,ไม่ระบุ,09/12/2567,26/01/2568,ประเมินผลเสร็จสิ้น,,,,,
ส่วนการโยธา,ฝ่ายสาธารณูปโภค,1518/68,ไฟฟ้า,ซ่อมแซมไฟฟ้าชำรุด,เขต 3,โนนทัน 9,11/12/2567,18/12/2567,ประเมินผลเสร็จสิ้น,,,,,
ส่วนการโยธา,ฝ่ายสาธารณูปโภค,1631/68,ไฟฟ้า,ซ่อมแซมไฟฟ้าชำรุด,เขต 3,โนนทัน 3,16/12/2567,23/12/2567,ประเมินผลเสร็จสิ้น,,,,,
ส่วนการโยธา,ฝ่ายสาธารณูปโภค,1641/68,ไฟฟ้า,ซ่อมแซมไฟฟ้าชำรุด,เขต 3,โนนทัน 3,16/12/2567,23/12/2567,ประเมินผลเสร็จสิ้น,,,,,
ส่วนการโยธา,ฝ่ายสวนสาธารณะ,1828/68,งานตัดกิ่งไม้และเกาะกลางถนน,ตัดกิ่งไม้และเกาะกลางถนน,เขต 2,คุ้มหนองคู,24/12/2567,07/02/2568,ประเมินผลเสร็จสิ้น,,,,,
ส่วนการโยธา,ฝ่ายสาธารณูปโภค,1890/68,ไฟฟ้า,ติดตั้งโคมไฟฟ้า,เขต 3,โนนทัน 7,27/12/2567,12/01/2568,ประเมินผลเสร็จสิ้น,,,,,
ส่วนการโยธา,ฝ่ายสาธารณูปโภค,1999/68,ไฟฟ้า,ซ่อมแซมไฟฟ้าชำรุด,เขต 3,ไม่ระบุ,07/01/2568,14/01/2568,ประเมินผลเสร็จสิ้น,,,,,
ส่วนการโยธา,ฝ่ายสาธารณูปโภค,2040/68,ไฟฟ้า,ซ่อมแซมไฟฟ้าชำรุด,เขต 3,โนนทัน 2,08/01/2568,15/01/2568,ประเมินผลเสร็จสิ้น,,,,,
ส่วนการโยธา,ฝ่ายสาธารณูปโภค,2399/68,ไฟฟ้า,ซ่อมแซมไฟฟ้าชำรุด,เขต 4,ไทยสมุทร,23/01/2568,11/02/2568,ประเมินผลเสร็จสิ้น,,,,,
ส่วนการโยธา,ฝ่ายสาธารณูปโภค,2438/68,ไฟฟ้า,ซ่อมแซมไฟฟ้าชำรุด,เขต 4,หนองแวงตราชู 1,23/01/2568,11/02/2568,ประเมินผลเสร็จสิ้น,,,,,
ส่วนการโยธา,ฝ่ายสาธารณูปโภค,2471/68,ไฟฟ้า,ซ่อมแซมไฟฟ้าชำรุด,เขต 1,บขส.,24/01/2568,02/02/2568,ประเมินผลเสร็จสิ้น,,,,,
ส่วนการโยธา,ฝ่ายสาธารณูปโภค,2547/68,ไฟฟ้า,ซ่อมแซมไฟฟ้าชำรุด,เขต 3,โนนทัน 3,27/01/2568,03/02/2568,ประเมินผลเสร็จสิ้น,,,,,
ส่วนการโยธา,ฝ่ายสวนสาธารณะ,2569/68,งานตัดกิ่งไม้และเกาะกลางถนน,ตัดกิ่งไม้และเกาะกลางถนน,เขต 1,ดอนหญ้านาง 3,27/01/2568,11/02/2568,ประเมินผลเสร็จสิ้น,,,,,
ส่วนการโยธา,ฝ่ายสาธารณูปโภค,2906/68,ไฟฟ้า,ซ่อมแซมไฟฟ้าชำรุด,เขต 1,พัฒนาเทพารักษ์,13/02/2568,20/02/2568,ประเมินผลเสร็จสิ้น,,,,,
ส่วนการโยธา,ฝ่ายสาธารณูปโภค,2913/68,ไฟฟ้า,ซ่อมแซมไฟฟ้าชำรุด,เขต 3,แก่นนคร,13/02/2568,20/02/2568,ประเมินผลเสร็จสิ้น,,,,,
ส่วนช่างสุขาภิบาล,ฝ่ายจัดการคุณภาพน้ำ,2916/68,ท่อระบายน้ำ,ดูด/ลอก ท่อระบายน้ำ,ไม่ระบุ,ไม่ระบุ,13/02/2568,04/04/2568,ประเมินผลเสร็จสิ้น,,,,,
ส่วนการโยธา,ฝ่ายสาธารณูปโภค,3116/68,ไฟฟ้า,ซ่อมแซมไฟฟ้าชำรุด,เขต 1,ดอนหญ้านาง 3,25/02/2568,04/03/2568,ประเมินผลเสร็จสิ้น,,,,,
ส่วนควบคุมการก่อสร้างอาคารและผังเมือง,ฝ่ายแบบแผนและก่อสร้าง,3164/68,งานควบคุมการก่อสร้าง,การตรวจสอบงานก่อสร้าง / งานโครงการ,เขต 4,ศรีฐาน 1,28/02/2568,20/03/2568,ประเมินผลเสร็จสิ้น,,,,,
ส่วนการโยธา,ฝ่ายสาธารณูปโภค,3223/68,ไฟฟ้า,ซ่อมแซมไฟฟ้าชำรุด,เขต 2,ศิริมงคล,04/03/2568,11/03/2568,ประเมินผลเสร็จสิ้น,,,,,
ส่วนการโยธา,ฝ่ายสาธารณูปโภค,3466/68,ไฟฟ้า,ซ่อมแซมไฟฟ้าชำรุด,เขต 4,หนองแวงตราชู 4,14/03/2568,23/03/2568,ประเมินผลเสร็จสิ้น,,,,,
ส่วนช่างสุขาภิบาล,ฝ่ายจัดการคุณภาพน้ำ,3510/68,ท่อระบายน้ำ,ฝาท่อระบายน้ำ,ไม่ระบุ,ไม่ระบุ,17/03/2568,03/05/2568,ประเมินผลเสร็จสิ้น,,,,,
ส่วนการโยธา,ฝ่ายสาธารณูปโภค,3588/68,ถนน,งานซ่อมแซมและบำรุงรักษาถนนและสะพาน,เขต 4,ไม่ระบุ,19/03/2568,27/03/2568,ประเมินผลเสร็จสิ้น,,,,,
ส่วนช่างสุขาภิบาล,ฝ่ายจัดการคุณภาพน้ำ,3709/68,ท่อระบายน้ำ,ฝาท่อระบายน้ำ,ไม่ระบุ,ไม่ระบุ,25/03/2568,10/05/2568,ประเมินผลเสร็จสิ้น,,,,,
ส่วนการโยธา,ฝ่ายสาธารณูปโภค,3728/68,ไฟฟ้า,ซ่อมแซมไฟฟ้าชำรุด,ไม่ระบุ,ไม่ระบุ,26/03/2568,02/04/2568,ประเมินผลเสร็จสิ้น,,,,,
ส่วนการโยธา,ฝ่ายสาธารณูปโภค,3824/68,ไฟฟ้า,ซ่อมแซมไฟฟ้าชำรุด,เขต 3,โนนทัน 3,01/04/2568,08/04/2568,ประเมินผลเสร็จสิ้น,,,,,
ส่วนการโยธา,ฝ่ายสวนสาธารณะ,3920/68,งานตัดกิ่งไม้และเกาะกลางถนน,ตัดกิ่งไม้และเกาะกลางถนน,เขต 1,ดอนหญ้านาง 2,08/04/2568,24/04/2568,ประเมินผลเสร็จสิ้น,,,,,
ส่วนการโยธา,ฝ่ายสาธารณูปโภค,3926/68,ไฟฟ้า,ซ่อมแซมไฟฟ้าชำรุด,เขต 2,ทุ่งเศรษฐี,08/04/2568,15/04/2568,ประเมินผลเสร็จสิ้น,,,,,
ส่วนการโยธา,ฝ่ายสาธารณูปโภค,3938/68,ไฟฟ้า,ซ่อมแซมไฟฟ้าชำรุด,เขต 4,ไม่ระบุ,09/04/2568,16/04/2568,ประเมินผลเสร็จสิ้น,,,,,
ส่วนการโยธา,ฝ่ายสาธารณูปโภค,3940/68,ไฟฟ้า,ซ่อมแซมไฟฟ้าชำรุด,เขต 3,โนนทัน 1,09/04/2568,16/04/2568,ประเมินผลเสร็จสิ้น,,,,,
ส่วนการโยธา,ฝ่ายสาธารณูปโภค,3962/68,ไฟฟ้า,ซ่อมแซมไฟฟ้าชำรุด,เขต 2,ศรีจันทร์ประชาฯ,10/04/2568,17/04/2568,ประเมินผลเสร็จสิ้น,,,,,
ส่วนการโยธา,ฝ่ายสาธารณูปโภค,4031/68,ไฟฟ้า,ซ่อมแซมไฟฟ้าชำรุด,เขต 2,หนองใหญ่ 2,17/04/2568,25/04/2568,ประเมินผลเสร็จสิ้น,,,,,
ส่วนการโยธา,ฝ่ายสาธารณูปโภค,4061/68,ไฟฟ้า,ซ่อมแซมไฟฟ้าชำรุด,เขต 3,คุ้มวุฒาราม,18/04/2568,26/04/2568,ประเมินผลเสร็จสิ้น,,,,,
ส่วนการโยธา,ฝ่ายสาธารณูปโภค,4150/68,ไฟฟ้า,ไฟสปอร์ตไลท์,เขต 3,ไม่ระบุ,23/04/2568,30/04/2568,ประเมินผลเสร็จสิ้น,,,,,
ส่วนการโยธา,ฝ่ายสาธารณูปโภค,4172/68,ไฟฟ้า,ซ่อมแซมไฟฟ้าชำรุด,เขต 3,โนนทัน 7,23/04/2568,01/05/2568,ประเมินผลเสร็จสิ้น,,,,,
ส่วนช่างสุขาภิบาล,ฝ่ายจัดการคุณภาพน้ำ,4327/68,ท่อระบายน้ำ,ฝาท่อระบายน้ำ,ไม่ระบุ,ไม่ระบุ,01/05/2568,16/06/2568,ประเมินผลเสร็จสิ้น,,,,,
ส่วนการโยธา,ฝ่ายสาธารณูปโภค,4355/68,ไฟฟ้า,ซ่อมแซมไฟฟ้าชำรุด,เขต 4,หนองแวงตราชู 1,06/05/2568,14/05/2568,ประเมินผลเสร็จสิ้น,,,,,
ส่วนการโยธา,ฝ่ายสาธารณูปโภค,4486/68,ไฟฟ้า,ซ่อมแซมไฟฟ้าชำรุด,เขต 2,หน้า ร.พ.ศูนย์,13/05/2568,20/05/2568,ประเมินผลเสร็จสิ้น,,,,,
ส่วนการโยธา,ฝ่ายสาธารณูปโภค,4605/68,ไฟฟ้า,ซ่อมแซมไฟฟ้าชำรุด,เขต 3,โนนทัน 9,19/05/2568,26/05/2568,ประเมินผลเสร็จสิ้น,,,,,
ส่วนการโยธา,ฝ่ายสาธารณูปโภค,4701/68,ไฟฟ้า,ซ่อมแซมไฟฟ้าชำรุด,เขต 3,หนองแวงเมืองเก่า1,20/05/2568,28/05/2568,ประเมินผลเสร็จสิ้น,,,,,
ส่วนการโยธา,ฝ่ายวิศวกรรมจราจร,4743/68,วิศวกรรมจราจร,กระจกนูน,เขต 3,หลังสนามกีฬา 1,21/05/2568,13/07/2568,ประเมินผลเสร็จสิ้น,,,,,
ส่วนช่างสุขาภิบาล,ฝ่ายจัดการคุณภาพน้ำ,4837/68,งานกำจัดขยะมูลฝอยและสิ่งปฏิกูล,กำจัดขยะมูลฝอยและสิ่งปฏิกูล,ไม่ระบุ,ไม่ระบุ,24/05/2568,20/06/2568,ประเมินผลเสร็จสิ้น,,,,,
ส่วนควบคุมการก่อสร้างอาคารและผังเมือง,ฝ่ายงานควบคุมอาคารและผังเมือง,4898/68,งานอาคาร,งานอาคารใหม่ 1,ไม่ระบุ,ไม่ระบุ,24/05/2568,24/11/2568,อยู่ระหว่างการติดตาม,,,,,
ส่วนช่างสุขาภิบาล,ฝ่ายจัดการคุณภาพน้ำ,5383/68,ท่อระบายน้ำ,ดูด/ลอก ท่อระบายน้ำ,ไม่ระบุ,ไม่ระบุ,11/06/2568,29/07/2568,ประเมินผลเสร็จสิ้น,,,,,
ส่วนการโยธา,ฝ่ายสาธารณูปโภค,5392/68,ไฟฟ้า,ติดตั้งโคมไฟฟ้า,เขต 3,โนนทัน 1,11/06/2568,18/06/2568,ประเมินผลเสร็จสิ้น,,,,,
ส่วนการโยธา,ฝ่ายสาธารณูปโภค,5685/68,ไฟฟ้า,ซ่อมแซมไฟฟ้าชำรุด,เขต 2,คุ้มหนองคู,23/06/2568,30/06/2568,ประเมินผลเสร็จสิ้น,,,,,
ส่วนช่างสุขาภิบาล,ฝ่ายจัดการคุณภาพน้ำ,5885/68,ท่อระบายน้ำ,ฝาท่อระบายน้ำ,ไม่ระบุ,ไม่ระบุ,30/06/2568,16/08/2568,ประเมินผลเสร็จสิ้น,,,,,
ส่วนการโยธา,ฝ่ายวิศวกรรมจราจร,5965/68,วิศวกรรมจราจร,ยางชะลอความเร็ว,เขต 1,ไม่ระบุ,03/07/2568,09/10/2568,อยู่ระหว่างการติดตาม,,,,,
ส่วนการโยธา,ฝ่ายสาธารณูปโภค,6058/68,ไฟฟ้า,ติดตั้งโคมไฟฟ้า,เขต 3,กศน.,07/07/2568,21/08/2568,ประเมินผลเสร็จสิ้น,,,,,
ส่วนการโยธา,ฝ่ายวิศวกรรมจราจร,6108/68,วิศวกรรมจราจร,ยางชะลอความเร็ว,เขต 1,ไม่ระบุ,08/07/2568,09/10/2568,อยู่ระหว่างการติดตาม,,,,,
ส่วนการโยธา,ฝ่ายสาธารณูปโภค,6229/68,ไฟฟ้า,ซ่อมแซมไฟฟ้าชำรุด,เขต 4,ศรีฐาน 2,14/07/2568,30/07/2568,ประเมินผลเสร็จสิ้น,,,,,
ส่วนควบคุมการก่อสร้างอาคารและผังเมือง,ฝ่ายแบบแผนและก่อสร้าง,6331/68,งานควบคุมการก่อสร้าง,ตรวจสอบโครงสร้างอื่นๆ,เขต 2,ไม่ระบุ,17/07/2568,05/08/2568,ประเมินผลเสร็จสิ้น,,,,,
ส่วนการโยธา,ฝ่ายสาธารณูปโภค,6408/68,ไฟฟ้า,ซ่อมแซมไฟฟ้าชำรุด,เขต 4,สามเหลี่ยม  5,21/07/2568,29/07/2568,ประเมินผลเสร็จสิ้น,,,,,
ส่วนการโยธา,ฝ่ายสาธารณูปโภค,6528/68,ถนน,งานซ่อมแซมและบำรุงรักษาถนนและสะพาน,เขต 2,บะขาม,25/07/2568,08/09/2568,ประเมินผลเสร็จสิ้น,,,,,
ส่วนการโยธา,ฝ่ายสาธารณูปโภค,6548/68,ไฟฟ้า,ซ่อมแซมไฟฟ้าชำรุด,เขต 1,หลังศูนย์ราชการ 1,29/07/2568,05/08/2568,ประเมินผลเสร็จสิ้น,,,,,
ส่วนการโยธา,ฝ่ายสาธารณูปโภค,6640/68,ถนน,งานซ่อมแซมและบำรุงรักษาถนนและสะพาน,เขต 3,หนองแวงเมืองเก่า4,31/07/2568,10/08/2568,ประเมินผลเสร็จสิ้น,,,,,
ส่วนการโยธา,ฝ่ายสาธารณูปโภค,6649/68,ถนน,งานซ่อมแซมและบำรุงรักษาถนนและสะพาน,เขต 1,หลังศูนย์ราชการ 1,31/07/2568,14/09/2568,ประเมินผลเสร็จสิ้น,,,,,
ส่วนการโยธา,ฝ่ายสาธารณูปโภค,6996/68,ไฟฟ้า,ซ่อมแซมไฟฟ้าชำรุด,เขต 2,ทุ่งสร้างพัฒนา,13/08/2568,20/08/2568,ประเมินผลเสร็จสิ้น,,,,,
ส่วนการโยธา,ฝ่ายสาธารณูปโภค,7045/68,ไฟฟ้า,ซ่อมแซมไฟฟ้าชำรุด,เขต 4,สามเหลี่ยม  1,13/08/2568,21/08/2568,ประเมินผลเสร็จสิ้น,,,,,
ส่วนการโยธา,ฝ่ายสาธารณูปโภค,7095/68,ถนน,งานซ่อมแซมและบำรุงรักษาถนนและสะพาน,เขต 3,โนนทัน 4,14/08/2568,01/09/2568,ประเมินผลเสร็จสิ้น,,,,,
ส่วนช่างสุขาภิบาล,ฝ่ายจัดการคุณภาพน้ำ,7122/68,ท่อระบายน้ำ,วางท่อระบายน้ำ,ไม่ระบุ,ไม่ระบุ,14/08/2568,29/09/2568,ประเมินผลเสร็จสิ้น,,,,,
ส่วนช่างสุขาภิบาล,ฝ่ายจัดการคุณภาพน้ำ,7191/68,ท่อระบายน้ำ,ดูด/ลอก ท่อระบายน้ำ,ไม่ระบุ,ไม่ระบุ,18/08/2568,02/10/2568,ประเมินผลเสร็จสิ้น,,,,,
ส่วนการโยธา,ฝ่ายสาธารณูปโภค,7393/68,ไฟฟ้า,ซ่อมแซมไฟฟ้าชำรุด,เขต 4,สามเหลี่ยม  5,22/08/2568,01/09/2568,ประเมินผลเสร็จสิ้น,,,,,
ส่วนช่างสุขาภิบาล,ฝ่ายจัดการคุณภาพน้ำ,7406/68,ท่อระบายน้ำ,ฝาท่อระบายน้ำ,ไม่ระบุ,ไม่ระบุ,22/08/2568,09/10/2568,ประเมินผลเสร็จสิ้น,,,,,
ส่วนช่างสุขาภิบาล,ฝ่ายจัดการคุณภาพน้ำ,7731/68,ท่อระบายน้ำ,ฝาท่อระบายน้ำ,ไม่ระบุ,ไม่ระบุ,02/09/2568,26/10/2568,ประเมินผลเสร็จสิ้น,,,,,
ส่วนการโยธา,ฝ่ายสาธารณูปโภค,7803/68,ไฟฟ้า,ซ่อมแซมไฟฟ้าชำรุด,เขต 2,หลักเมือง,04/09/2568,11/09/2568,ประเมินผลเสร็จสิ้น,,,,,
ส่วนการโยธา,ฝ่ายวิศวกรรมจราจร,7934/68,วิศวกรรมจราจร,ป้ายซอย,เขต 1,ไม่ระบุ,09/09/2568,26/10/2568,ประเมินผลเสร็จสิ้น,,,,,
ส่วนการโยธา,ฝ่ายสาธารณูปโภค,8189/68,ไฟฟ้า,ซ่อมแซมไฟฟ้าชำรุด,เขต 4,หนองแวงตราชู 1,16/09/2568,24/09/2568,ประเมินผลเสร็จสิ้น,,,,,
ส่วนการโยธา,ฝ่ายสาธารณูปโภค,8268/68,ไฟฟ้า,ซ่อมแซมไฟฟ้าชำรุด,เขต 3,โนนทัน 4,18/09/2568,28/09/2568,ประเมินผลเสร็จสิ้น,,,,,
ส่วนการโยธา,ฝ่ายสาธารณูปโภค,8481/68,ไฟฟ้า,ซ่อมแซมไฟฟ้าชำรุด,เขต 2,คุ้มหนองคู,25/09/2568,03/10/2568,ประเมินผลเสร็จสิ้น,,,,,
ส่วนการโยธา,ฝ่ายสวนสาธารณะ,8587/68,งานตัดกิ่งไม้และเกาะกลางถนน,ตัดกิ่งไม้และเกาะกลางถนน,เขต 4,ไม่ระบุ,29/09/2568,15/11/2568,ประเมินผลเสร็จสิ้น,,,,,
ส่วนช่างสุขาภิบาล,ฝ่ายจัดการคุณภาพน้ำ,8648/68,ท่อระบายน้ำ,ดูด/ลอก ท่อระบายน้ำ,ไม่ระบุ,ไม่ระบุ,30/09/2568,14/11/2568,ประเมินผลเสร็จสิ้น,,,,,
ส่วนการโยธา,ฝ่ายสาธารณูปโภค,43/69,ถนน,งานซ่อมแซมและบำรุงรักษาถนนและสะพาน,เขต 2,หลักเมือง,02/10/2568,21/11/2568,ประเมินผลเสร็จสิ้น,,,,,
ส่วนการโยธา,ฝ่ายวิศวกรรมจราจร,255/69,วิศวกรรมจราจร,สัญญาณไฟกระพริบ,เขต 2,คุ้มหนองคู,08/10/2568,04/12/2568,เกินกำหนด,,,,,
ส่วนการโยธา,ฝ่ายศูนย์เครื่องจักรกล,352/69,งานศูนย์เครื่องจักรกล,งานบำรุงรักษาและซ่อมแซม,เขต 2,หนองใหญ่ 1,14/10/2568,29/11/2568,ประเมินผลเสร็จสิ้น,,,,,
ส่วนการโยธา,ฝ่ายสาธารณูปโภค,448/69,ไฟฟ้า,ซ่อมแซมไฟฟ้าชำรุด,เขต 4,หนองแวงตราชู 3,16/10/2568,24/10/2568,ประเมินผลเสร็จสิ้น,,,,,
ส่วนการโยธา,ฝ่ายสาธารณูปโภค,681/69,ไฟฟ้า,ซ่อมแซมไฟฟ้าชำรุด,เขต 2,หนองใหญ่ 1,27/10/2568,03/11/2568,ประเมินผลเสร็จสิ้น,,,,,
ส่วนการโยธา,ฝ่ายสาธารณูปโภค,703/69,ไฟฟ้า,ซ่อมแซมไฟฟ้าชำรุด,เขต 1,โนนชัย 1,27/10/2568,03/11/2568,ประเมินผลเสร็จสิ้น,,,,,
ส่วนการโยธา,ฝ่ายสวนสาธารณะ,792/69,งานตัดกิ่งไม้และเกาะกลางถนน,ตัดกิ่งไม้และเกาะกลางถนน,เขต 3,คุ้มวัดกลาง,29/10/2568,16/11/2568,ประเมินผลเสร็จสิ้น,,,,,
ส่วนควบคุมการก่อสร้างอาคารและผังเมือง,ฝ่ายแบบแผนและก่อสร้าง,1012/69,งานควบคุมการก่อสร้าง,การตรวจสอบงานก่อสร้าง / งานโครงการ,เขต 1,ไม่ระบุ,10/11/2568,25/12/2568,ประเมินผลเสร็จสิ้น,,,,,
ส่วนการโยธา,ฝ่ายสาธารณูปโภค,1285/69,ไฟฟ้า,ซ่อมแซมไฟฟ้าชำรุด,เขต 3,กศน.,18/11/2568,25/11/2568,ประเมินผลเสร็จสิ้น,,,,,
ส่วนช่างสุขาภิบาล,ฝ่ายจัดการคุณภาพน้ำ,1309/69,งานบำบัดน้ำเสีย,บำบัดน้ำเสีย,ไม่ระบุ,ไม่ระบุ,18/11/2568,04/01/2569,ประเมินผลเสร็จสิ้น,,,,,
ส่วนการโยธา,ฝ่ายสาธารณูปโภค,1622/69,ไฟฟ้า,ซ่อมแซมไฟฟ้าชำรุด,เขต 2,บะขาม,28/11/2568,05/12/2568,ประเมินผลเสร็จสิ้น,,,,,
ส่วนการโยธา,ฝ่ายสาธารณูปโภค,1773/69,วิศวกรรมจราจร,ป้ายซอย,เขต 3,เหล่านาดี 12,03/12/2568,01/04/2569,ประเมินผลเสร็จสิ้น,,,,,
ส่วนการโยธา,ฝ่ายสาธารณูปโภค,1797/69,งานตัดกิ่งไม้และเกาะกลางถนน,ตัดกิ่งไม้และเกาะกลางถนน,เขต 1,ดอนหญ้านาง 3,04/12/2568,19/12/2568,ประเมินผลเสร็จสิ้น,,,,,
ส่วนช่างสุขาภิบาล,ฝ่ายจัดการคุณภาพน้ำ,1802/69,ท่อระบายน้ำ,ฝาท่อระบายน้ำ,ไม่ระบุ,ไม่ระบุ,04/12/2568,14/04/2569,ประเมินผลเสร็จสิ้น,,,,,
ส่วนการโยธา,ฝ่ายสาธารณูปโภค,1879/69,ไฟฟ้า,ซ่อมแซมกล่องควบคุม/สวิตซ์ไฟส่องสว่าง,เขต 2,ชัยณรงค์-สามัคคี,08/12/2568,15/12/2568,ประเมินผลเสร็จสิ้น,,,,,
ส่วนการโยธา,ฝ่ายสาธารณูปโภค,1925/69,ไฟฟ้า,ซ่อมแซมไฟฟ้าชำรุด,เขต 2,ไม่ระบุ,09/12/2568,16/12/2568,ประเมินผลเสร็จสิ้น,,,,,
ส่วนการโยธา,ฝ่ายสวนสาธารณะ,1972/69,งานตัดกิ่งไม้และเกาะกลางถนน,ตัดกิ่งไม้และเกาะกลางถนน,เขต 2,ไม่ระบุ,11/12/2568,28/01/2569,ประเมินผลเสร็จสิ้น,,,,,
ส่วนช่างสุขาภิบาล,ฝ่ายจัดการคุณภาพน้ำ,2038/69,ท่อระบายน้ำ,ฝาท่อระบายน้ำ,เขต 1,หลังศูนย์ราชการ 1,15/12/2568,24/04/2569,ประเมินผลเสร็จสิ้น,,,,,
ส่วนการโยธา,ฝ่ายสาธารณูปโภค,2147/69,ถนน,งานซ่อมแซมและบำรุงรักษาถนนและสะพาน,เขต 1,ดอนหญ้านาง 3,16/12/2568,31/01/2569,ประเมินผลเสร็จสิ้น,,,,,
ส่วนการโยธา,ฝ่ายสาธารณูปโภค,2176/69,ถนน,งานซ่อมแซมและบำรุงรักษาถนนและสะพาน,เขต 1,ดอนหญ้านาง 3,17/12/2568,31/01/2569,ประเมินผลเสร็จสิ้น,,,,,
ส่วนการโยธา,ฝ่ายสาธารณูปโภค,2340/69,ไฟฟ้า,ซ่อมแซมไฟฟ้าชำรุด,เขต 2,หัวสะพานสัมพันธ์,23/12/2568,31/12/2568,ประเมินผลเสร็จสิ้น,,,,,
ส่วนการโยธา,ฝ่ายสาธารณูปโภค,2347/69,ไฟฟ้า,ซ่อมแซมไฟฟ้าชำรุด,เขต 2,ศรีจันทร์พัฒนา,23/12/2568,31/12/2568,ประเมินผลเสร็จสิ้น,,,,,
ส่วนการโยธา,ฝ่ายสวนสาธารณะ,2544/69,งานตัดกิ่งไม้และเกาะกลางถนน,ตัดกิ่งไม้และเกาะกลางถนน,เขต 4,ศรีฐาน 2,06/01/2569,21/02/2569,ประเมินผลเสร็จสิ้น,,,,,
ส่วนการโยธา,ฝ่ายสาธารณูปโภค,2560/69,ไฟฟ้า,ซ่อมแซมไฟฟ้าชำรุด,เขต 3,หนองแวงเมืองเก่า2,07/01/2569,22/01/2569,ประเมินผลเสร็จสิ้น,,,,,
ส่วนช่างสุขาภิบาล,ฝ่ายจัดการคุณภาพน้ำ,2686/69,ท่อระบายน้ำ,ฝาท่อระบายน้ำ,เขต 1,ไม่ระบุ,13/01/2569,,รอช่างรับเรื่อง,,,,,
ส่วนการโยธา,ฝ่ายสาธารณูปโภค,2770/69,ถนน,งานซ่อมแซมและบำรุงรักษาถนนและสะพาน,เขต 1,ไม่ระบุ,19/01/2569,05/03/2569,ประเมินผลเสร็จสิ้น,,,,,
ส่วนการโยธา,ฝ่ายสาธารณูปโภค,2938/69,ไฟฟ้า,ซ่อมแซมไฟฟ้าชำรุด,เขต 3,หนองแวงเมืองเก่า4,27/01/2569,03/02/2569,ประเมินผลเสร็จสิ้น,,,,,
ส่วนการโยธา,ฝ่ายสาธารณูปโภค,2968/69,ไฟฟ้า,ซ่อมแซมไฟฟ้าชำรุด,เขต 4,หนองแวงตราชู 2,29/01/2569,05/02/2569,ประเมินผลเสร็จสิ้น,,,,,
ส่วนควบคุมการก่อสร้างอาคารและผังเมือง,ฝ่ายงานควบคุมอาคารและผังเมือง,3217/69,งานอาคาร,งานอาคารใหม่ 1,อาคารเขต 7,ไม่ระบุ,10/02/2569,28/03/2569,ประเมินผลเสร็จสิ้น,,,,,
ส่วนการโยธา,ฝ่ายสวนสาธารณะ,3279/69,ไฟฟ้า,ซ่อมแซมไฟฟ้าชำรุด,ไม่ระบุ,ไม่ระบุ,12/02/2569,30/03/2569,ประเมินผลเสร็จสิ้น,,,,,
ส่วนการโยธา,ฝ่ายสาธารณูปโภค,4059/69,ถนน,งานซ่อมแซมและบำรุงรักษาถนนและสะพาน,เขต 3,โนนทัน 7,20/03/2569,05/04/2569,ประเมินผลเสร็จสิ้น,,,,,
ส่วนการโยธา,ฝ่ายสาธารณูปโภค,4165/69,ถนน,งานซ่อมแซมและบำรุงรักษาถนนและสะพาน,เขต 2,คุ้มหนองคู,26/03/2569,,รอช่างรับเรื่อง,,,,,
ส่วนการโยธา,ฝ่ายสาธารณูปโภค,4200/69,ไฟจราจร,ซ่อมแซมไฟจราจร,ไม่ระบุ,ไม่ระบุ,30/03/2569,14/05/2569,ประเมินผลเสร็จสิ้น,,,,,
ส่วนการโยธา,ฝ่ายสวนสาธารณะ,4244/69,งานตัดกิ่งไม้และเกาะกลางถนน,ตัดกิ่งไม้และเกาะกลางถนน,ไม่ระบุ,ไม่ระบุ,31/03/2569,16/04/2569,ประเมินผลเสร็จสิ้น,,,,,
ส่วนการโยธา,ฝ่ายสาธารณูปโภค,4352/69,ไฟฟ้า,ซ่อมแซมไฟฟ้าชำรุด,เขต 1,ไม่ระบุ,07/04/2569,24/04/2569,ประเมินผลเสร็จสิ้น,,,,,
ส่วนช่างสุขาภิบาล,ฝ่ายจัดการคุณภาพน้ำ,4496/69,ท่อระบายน้ำ,ฝาท่อระบายน้ำ,เขต 2,ศรีจันทร์พัฒนา,20/04/2569,,รอช่างรับเรื่อง,,,,,
ส่วนควบคุมการก่อสร้างอาคารและผังเมือง,ฝ่ายแบบแผนและก่อสร้าง,4625/69,งานควบคุมการก่อสร้าง,ตรวจสอบโครงสร้างอื่นๆ,เขต 1,ไม่ระบุ,28/04/2569,12/05/2569,เกินกำหนด,,,,,
ส่วนการโยธา,ฝ่ายสวนสาธารณะ,4658/69,งานตัดกิ่งไม้และเกาะกลางถนน,ตัดกิ่งไม้และเกาะกลางถนน,เขต 3,คุ้มวุฒาราม,28/04/2569,14/05/2569,ประเมินผลเสร็จสิ้น,,,,,
ส่วนช่างสุขาภิบาล,ฝ่ายจัดการคุณภาพน้ำ,4762/69,ท่อระบายน้ำ,ดูด/ลอก ท่อระบายน้ำ,ไม่ระบุ,ไม่ระบุ,01/05/2569,19/06/2569,กำลังดำเนินการ,,,,,
ส่วนการโยธา,ฝ่ายสาธารณูปโภค,4781/69,ไฟฟ้า,ซ่อมแซมไฟฟ้าชำรุด,เขต 1,ไม่ระบุ,05/05/2569,12/05/2569,ประเมินผลเสร็จสิ้น,,,,,
ส่วนการโยธา,ฝ่ายสวนสาธารณะ,4814/69,งานสวนสาธารณะ ,สวนสาธารณะ,ไม่ระบุ,ไม่ระบุ,05/05/2569,19/06/2569,ประเมินผลเสร็จสิ้น,,,,,
ส่วนการโยธา,ฝ่ายสาธารณูปโภค,4899/69,ไฟฟ้า,ติดตั้งโคมไฟฟ้า,เขต 1,โนนชัย 3,06/05/2569,22/06/2569,ประเมินผลเสร็จสิ้น,,,,,
ส่วนการโยธา,ฝ่ายสาธารณูปโภค,4968/69,ไฟฟ้า,ซ่อมแซมไฟฟ้าชำรุด,เขต 3,หนองวัดพัฒนา,11/05/2569,19/05/2569,ประเมินผลเสร็จสิ้น,,,,,
ส่วนควบคุมการก่อสร้างอาคารและผังเมือง,ฝ่ายแบบแผนและก่อสร้าง,5223/69,งานควบคุมการก่อสร้าง,การตรวจสอบงานก่อสร้าง / งานโครงการ,เขต 4,ไม่ระบุ,19/05/2569,,รอช่างรับเรื่อง,,,,,
ไม่ระบุ,ฝ่ายจัดการคุณภาพน้ำ,0463/69,ท่อบ้านลั่น บ้านเลขที่ 159/12,ดูด/ลอก ท่อระบายน้ำ,เขต 1,,1/7/2569,1/7/2569,ประเมินผลเสร็จสิ้น,f6372efaa979406d91b179624391ca24.jpg,ต่ำ,,สมหญิง,
